regiao,variavel_climatica,lag_semanas,municipios_total,municipios_correlacao_valida,observacoes_validas_mediana,correlacao_media,correlacao_mediana,correlacao_p10,correlacao_p25,correlacao_p75,correlacao_p90,proporcao_correlacao_positiva,proporcao_correlacao_negativa
Norte,temperatura_media_c,0,450.0,450.0,522.0,-0.11438533820690665,-0.11313936951492354,-0.2523827486503799,-0.19417947717632433,-0.022389991406823583,0.025710998907926524,0.17777777777777778,0.8222222222222222
Nordeste,temperatura_media_c,0,1793.0,1793.0,522.0,-0.09030194050101506,-0.09604476047838297,-0.22518798152589864,-0.16359702189476133,-0.02150670354368216,0.052720378151630116,0.20022308979364195,0.7997769102063581
Sudeste,temperatura_media_c,0,1668.0,1668.0,522.0,0.09224734159683012,0.0973627801130309,-0.039554726339503875,0.022232987892894428,0.16169781564142918,0.21720078338406293,0.8177458033573142,0.18225419664268586
Sul,temperatura_media_c,0,1191.0,1181.0,522.0,0.04349189957241344,0.042236962258974775,-0.027431567676554306,0.008253083494082308,0.08031686367664613,0.11437599712750703,0.7984758679085521,0.20152413209144793
Centro-Oeste,temperatura_media_c,0,468.0,468.0,522.0,-0.0916518178288302,-0.09470002656564944,-0.19943595762216815,-0.15258026960126359,-0.03296477625841176,0.02875388995242159,0.1623931623931624,0.8376068376068376
Norte,umidade_relativa_media_pct,0,450.0,450.0,522.0,0.16022408397290683,0.15798459479243732,0.008036059759985408,0.07178632151286579,0.23076083441737438,0.3050177561144564,0.9155555555555556,0.08444444444444445
Nordeste,umidade_relativa_media_pct,0,1793.0,1793.0,522.0,0.1679516151544693,0.16889192125062705,0.0557887918597429,0.10817397470781505,0.2248976541584108,0.2777711773405346,0.9765755716675962,0.023424428332403793
Sudeste,umidade_relativa_media_pct,0,1668.0,1668.0,522.0,0.1038122856954019,0.10371938137968761,0.0016048918195196902,0.04773863592843791,0.15668248472285318,0.21352316230435492,0.9046762589928058,0.09532374100719425
Sul,umidade_relativa_media_pct,0,1191.0,1181.0,522.0,0.06358811872593621,0.06386343688541415,-0.006403635757315455,0.024934527529598672,0.10262053157694764,0.13630385762196467,0.8772226926333616,0.12277730736663844
Centro-Oeste,umidade_relativa_media_pct,0,468.0,468.0,522.0,0.20115533779263822,0.19763604400585816,0.09409667052447447,0.13569349242663764,0.2583637513635932,0.31940357306345285,0.9850427350427351,0.014957264957264958
Norte,precipitacao_total_mm,0,450.0,450.0,522.0,0.14248658773860004,0.13677087590068665,0.017488260751676084,0.07049482991349852,0.2062434428424312,0.26933251669806085,0.9288888888888889,0.07111111111111111
Nordeste,precipitacao_total_mm,0,1793.0,1793.0,522.0,0.11232665064105225,0.11053640017100348,0.014058332657914407,0.05835697584328877,0.1680239629537843,0.210334820150843,0.928053541550474,0.07194645844952594
Sudeste,precipitacao_total_mm,0,1668.0,1668.0,522.0,0.016575762666948702,0.014632497724705902,-0.0629939384518812,-0.030699559425592056,0.05872798136207901,0.10255678947986804,0.5779376498800959,0.42206235011990406
Sul,precipitacao_total_mm,0,1191.0,1181.0,522.0,0.017689139969627735,0.019226903925570023,-0.051662762604655035,-0.02042135815906318,0.056985979256944916,0.08266915568397919,0.6299745977984759,0.37002540220152413
Centro-Oeste,precipitacao_total_mm,0,468.0,468.0,522.0,0.09568348991192299,0.09310471964970135,-0.008331043271315973,0.032328242361912174,0.14743667053834622,0.19979486214188572,0.8717948717948718,0.1282051282051282
Norte,temperatura_media_c,1,450.0,450.0,521.0,-0.1172172198579222,-0.10575497748944629,-0.25930293561069334,-0.20165463031714617,-0.02837872967294674,0.030071751589339026,0.17333333333333334,0.8266666666666667
Nordeste,temperatura_media_c,1,1793.0,1793.0,521.0,-0.08347463674667359,-0.09052510655842431,-0.22816819950403466,-0.16287343339067045,-0.007991887714365962,0.07725798680807222,0.2308979364194088,0.7691020635805912
Sudeste,temperatura_media_c,1,1668.0,1668.0,521.0,0.12426028877506842,0.126731653553583,-0.0004166753591430314,0.06088929166128939,0.19381528825995784,0.24331280944981826,0.8986810551558753,0.1013189448441247
Sul,temperatura_media_c,1,1191.0,1181.0,521.0,0.07577169549602171,0.07503839378906674,0.0031994540059161296,0.0367984812652622,0.11358880631350819,0.14782827587964092,0.9093988145639289,0.09060118543607112
Centro-Oeste,temperatura_media_c,1,468.0,468.0,521.0,-0.07638507879985763,-0.07923177123460398,-0.1947184682931286,-0.13706362065271854,-0.021943346907144903,0.05004665352315114,0.19658119658119658,0.8034188034188035
Norte,umidade_relativa_media_pct,1,450.0,450.0,521.0,0.16601373897485472,0.16090663896093016,0.009160961226156472,0.074876367605509,0.24479502189793012,0.31437124641357955,0.9133333333333333,0.08666666666666667
Nordeste,umidade_relativa_media_pct,1,1793.0,1793.0,521.0,0.1771813132009003,0.17616479198723128,0.06401897217987829,0.11397303637501985,0.23532344919935674,0.2918822425635976,0.9843837144450641,0.015616285554935862
Sudeste,umidade_relativa_media_pct,1,1668.0,1668.0,521.0,0.12345659387567247,0.12110646514392928,0.015493730283427916,0.060408870480859404,0.17973468238730234,0.23962904194100787,0.9316546762589928,0.0683453237410072
Sul,umidade_relativa_media_pct,1,1191.0,1181.0,521.0,0.060477862200294503,0.059882019305863114,-0.00592350932494821,0.022087338666719046,0.09701272395791191,0.1308156293408376,0.8746824724809483,0.12447078746824725
Centro-Oeste,umidade_relativa_media_pct,1,468.0,468.0,521.0,0.23125667846341927,0.23098103840859213,0.11828713378839129,0.15884124498587915,0.2908844291857008,0.3594527610285616,0.9935897435897436,0.00641025641025641
Norte,precipitacao_total_mm,1,450.0,450.0,521.0,0.15395314096113769,0.14468995928800307,0.026280863834763853,0.07796590938903433,0.21829523935962425,0.2906427269638555,0.9466666666666667,0.05333333333333334
Nordeste,precipitacao_total_mm,1,1793.0,1793.0,521.0,0.12879966468397194,0.12617952072984337,0.03240937444426366,0.07484848231804038,0.18109611515374271,0.22759845865216802,0.9604015616285555,0.03959843837144451
Sudeste,precipitacao_total_mm,1,1668.0,1668.0,521.0,0.04670748021163171,0.043192223446844084,-0.03551448436036707,-0.0002526318126120816,0.08950788169635054,0.13508426216397657,0.7482014388489209,0.2517985611510791
Sul,precipitacao_total_mm,1,1191.0,1181.0,521.0,0.020251586176155977,0.02055687294738677,-0.041304185750622294,-0.012951617171887392,0.05469329963330189,0.0821864279810583,0.6613039796782387,0.3386960203217612
Centro-Oeste,precipitacao_total_mm,1,468.0,468.0,521.0,0.13278133848461396,0.13174156471344334,0.02702748251240287,0.07037950824982983,0.1888508576156169,0.23789680397080545,0.9444444444444444,0.05555555555555555
Norte,temperatura_media_c,2,450.0,450.0,520.0,-0.1200881683606194,-0.11527855992170266,-0.26606512317309816,-0.19955012210962045,-0.032595964355020865,0.030275204726513693,0.1622222222222222,0.8377777777777777
Nordeste,temperatura_media_c,2,1793.0,1793.0,520.0,-0.07493274926878454,-0.08127704205098396,-0.22681617523643327,-0.15986093438152313,0.004906897885492163,0.0970913222231554,0.2649191299498048,0.7350808700501952
Sudeste,temperatura_media_c,2,1668.0,1668.0,520.0,0.15428855614794762,0.15463427004625557,0.03516230348834706,0.09547351654574356,0.21757351104028272,0.2685905961274846,0.9484412470023981,0.05155875299760192
Sul,temperatura_media_c,2,1191.0,1181.0,520.0,0.10341475514911014,0.10236537969685028,0.025009930463793226,0.06152810077302847,0.14405119737693267,0.18225252247933738,0.9635901778154107,0.03640982218458933
Centro-Oeste,temperatura_media_c,2,468.0,468.0,520.0,-0.05969052296734083,-0.06420509939902565,-0.18785701457572804,-0.12008865757098058,-0.002148943334356911,0.08593576982919428,0.24572649572649571,0.7542735042735043
Norte,umidade_relativa_media_pct,2,450.0,450.0,520.0,0.1715917591653746,0.1716718312380771,0.01942198832536655,0.08084414169481285,0.2473564415492314,0.31964271299451885,0.9177777777777778,0.08222222222222222
Nordeste,umidade_relativa_media_pct,2,1793.0,1793.0,520.0,0.18300664466874322,0.1812328086772872,0.06987375326902653,0.11802611750118219,0.24362398205755867,0.2983324352445276,0.9877300613496932,0.012269938650306749
Sudeste,umidade_relativa_media_pct,2,1668.0,1668.0,520.0,0.13810548616191712,0.1345242465938557,0.025637521127150717,0.07098727621551672,0.1998652271273172,0.25745847591245163,0.9484412470023981,0.05155875299760192
Sul,umidade_relativa_media_pct,2,1191.0,1181.0,520.0,0.05839885142142323,0.05786210878158213,-0.007260088270527776,0.022885284314901597,0.0948507526076265,0.12416921838902152,0.8780694326841659,0.12193056731583404
Centro-Oeste,umidade_relativa_media_pct,2,468.0,468.0,520.0,0.25606383345437767,0.2520458839027352,0.13179209495186017,0.17990920374146707,0.31876970644742686,0.38417916532989077,0.9935897435897436,0.00641025641025641
Norte,precipitacao_total_mm,2,450.0,450.0,520.0,0.16537953626515114,0.16081464844610588,0.032844716437996725,0.08593284121988055,0.23141234938059332,0.30779275332845696,0.9466666666666667,0.05333333333333334
Nordeste,precipitacao_total_mm,2,1793.0,1793.0,520.0,0.1422914430958086,0.13893542455178198,0.0471231750068093,0.08726642371161628,0.19501554091651727,0.24210213310882098,0.9760178471834914,0.023982152816508645
Sudeste,precipitacao_total_mm,2,1668.0,1668.0,520.0,0.07452737976405252,0.06887289333347688,-0.008023889147040334,0.029483830568634385,0.11802437700387068,0.16524243699659585,0.8752997601918465,0.12470023980815348
Sul,precipitacao_total_mm,2,1191.0,1181.0,520.0,0.026848593049006803,0.027529700804406927,-0.032409791308842924,-0.0003711204584683605,0.05708288281967427,0.0829062744593869,0.7468247248094835,0.2531752751905165
Centro-Oeste,precipitacao_total_mm,2,468.0,468.0,520.0,0.1678704633370706,0.16616531612386656,0.061150631658110514,0.10144180087519146,0.22655393286107622,0.2822287681008863,0.9743589743589743,0.02564102564102564
Norte,temperatura_media_c,3,450.0,450.0,519.0,-0.11943415062018628,-0.11630019603510929,-0.27248556551637015,-0.20418250804424112,-0.027444195247349704,0.0335120851088842,0.17555555555555555,0.8244444444444444
Nordeste,temperatura_media_c,3,1793.0,1793.0,519.0,-0.06440475974141725,-0.07150446304875518,-0.22906031962846785,-0.1553093467172984,0.023390121555784862,0.1223763928599979,0.290574456218628,0.709425543781372
Sudeste,temperatura_media_c,3,1668.0,1668.0,519.0,0.18132942818307965,0.1829729685695617,0.06797396826216547,0.1258049300114496,0.2407520737726,0.2937367025476809,0.9724220623501199,0.027577937649880094
Sul,temperatura_media_c,3,1191.0,1181.0,519.0,0.12901398237139883,0.12774390351836806,0.049045860148335424,0.08144997590723527,0.1723760584723125,0.21562237011656035,0.9762912785774767,0.023708721422523286
Centro-Oeste,temperatura_media_c,3,468.0,468.0,519.0,-0.04237749659964507,-0.04512078784415183,-0.18454448542912455,-0.09746843586383379,0.021345774142500558,0.11285906008663568,0.297008547008547,0.7029914529914529
Norte,umidade_relativa_media_pct,3,450.0,450.0,519.0,0.17445591090802634,0.17907852642307054,0.015185963350438581,0.0848530860295688,0.2565984269967375,0.3201099553649012,0.9177777777777778,0.08222222222222222
Nordeste,umidade_relativa_media_pct,3,1793.0,1793.0,519.0,0.1858620161031057,0.18149371171004736,0.0695958463545439,0.12032790276536234,0.24748481596552782,0.3058283287221065,0.9843837144450641,0.015616285554935862
Sudeste,umidade_relativa_media_pct,3,1668.0,1668.0,519.0,0.15182993735690653,0.14662942578953123,0.033067866343891465,0.0833640459796868,0.21656036164488449,0.27873042254993474,0.9592326139088729,0.0407673860911271
Sul,umidade_relativa_media_pct,3,1191.0,1181.0,519.0,0.05274753079549541,0.05116837197839208,-0.017163974897642206,0.016617525303678344,0.09035732498318841,0.11997557544693566,0.8348856900931414,0.1651143099068586
Centro-Oeste,umidade_relativa_media_pct,3,468.0,468.0,519.0,0.2783366806797101,0.2760066695356015,0.1457111581973322,0.20166995294425466,0.3473637390058101,0.42107484540743084,0.9957264957264957,0.004273504273504274
Norte,precipitacao_total_mm,3,450.0,450.0,519.0,0.17359842929837044,0.1710034068917087,0.03704107580706131,0.09260521863311802,0.24634040534488247,0.31701427395290366,0.9533333333333334,0.04666666666666667
Nordeste,precipitacao_total_mm,3,1793.0,1793.0,519.0,0.15180199839897152,0.14801392003931466,0.05062611643896087,0.09710971621288937,0.20476723101917008,0.2527891751518364,0.9832682654768544,0.016731734523145567
Sudeste,precipitacao_total_mm,3,1668.0,1668.0,519.0,0.10132006694969849,0.09835651063340271,0.014819886273528189,0.054636277778727836,0.1440444684588037,0.18958002152530182,0.9358513189448441,0.06414868105515588
Sul,precipitacao_total_mm,3,1191.0,1181.0,519.0,0.03405499266823799,0.0341519466147742,-0.021263913236565013,0.0040647995657809655,0.0639151187665176,0.08859518032679453,0.7781541066892464,0.2218458933107536
Centro-Oeste,precipitacao_total_mm,3,468.0,468.0,519.0,0.19972059810377757,0.1980887478923909,0.08630798786887284,0.13638682144588138,0.25579181497054787,0.31935534071473143,0.9935897435897436,0.00641025641025641
Norte,temperatura_media_c,4,450.0,450.0,518.0,-0.11599999551048064,-0.11113303479059716,-0.2723116847626205,-0.20098454056566184,-0.023752470688841357,0.03941547264189257,0.18444444444444444,0.8155555555555556
Nordeste,temperatura_media_c,4,1793.0,1793.0,518.0,-0.05305523529079372,-0.06354469814751164,-0.22747538114587712,-0.147506434935041,0.035064880448265355,0.14457799510916972,0.3279419966536531,0.6720580033463469
Sudeste,temperatura_media_c,4,1668.0,1668.0,518.0,0.20666895238291652,0.20829094793380148,0.09189660731881263,0.15329120978102997,0.26497219751992807,0.3181517555618422,0.988009592326139,0.011990407673860911
Sul,temperatura_media_c,4,1191.0,1181.0,518.0,0.15363089841562766,0.15376732339764573,0.059663057770012434,0.10383736914517505,0.20116084658003558,0.2491791763306737,0.9856054191363252,0.014394580863674851
Centro-Oeste,temperatura_media_c,4,468.0,468.0,518.0,-0.025191693932164527,-0.02408801195580685,-0.17559925485629133,-0.09234651010150577,0.04170414414754749,0.13802340422130088,0.38675213675213677,0.6111111111111112
Norte,umidade_relativa_media_pct,4,450.0,450.0,518.0,0.17227778720061668,0.1700721293685521,0.011597534269998324,0.0752820373715485,0.2568991867007637,0.3315068176069355,0.9244444444444444,0.07555555555555556
Nordeste,umidade_relativa_media_pct,4,1793.0,1793.0,518.0,0.18689326066517103,0.18146382398378663,0.06750466199125214,0.12052000025486476,0.24920625633279397,0.3113273593863748,0.981037367540435,0.018962632459564976
Sudeste,umidade_relativa_media_pct,4,1668.0,1668.0,518.0,0.1656360032473606,0.16007273101521388,0.04096739827021863,0.09246480222836345,0.23501852723496983,0.2970935506967799,0.9634292565947242,0.03657074340527578
Sul,umidade_relativa_media_pct,4,1191.0,1181.0,518.0,0.048625647339984035,0.04921089382141167,-0.024082674435425045,0.009174780680839743,0.08448921601008955,0.1176881632317748,0.7967823878069432,0.20321761219305673
Centro-Oeste,umidade_relativa_media_pct,4,468.0,468.0,518.0,0.297275390051763,0.2962806864494335,0.16012877866798514,0.2155595384870692,0.3680172749059895,0.45231662060633093,0.9957264957264957,0.004273504273504274
Norte,precipitacao_total_mm,4,450.0,450.0,518.0,0.17808213024178807,0.17667498376711166,0.035097602670738234,0.09035514206730205,0.2538718658297824,0.33071785482367805,0.9533333333333334,0.04666666666666667
Nordeste,precipitacao_total_mm,4,1793.0,1793.0,518.0,0.16076185530599704,0.15624934744325938,0.06295306359017828,0.10271507681203434,0.2138244001670135,0.2675992454567212,0.9843837144450641,0.015616285554935862
Sudeste,precipitacao_total_mm,4,1668.0,1668.0,518.0,0.12982279030764102,0.12982558833546343,0.042296246942504286,0.08268244528072946,0.1733627538119315,0.22192557739194144,0.9682254196642686,0.03177458033573141
Sul,precipitacao_total_mm,4,1191.0,1181.0,518.0,0.040575261604733646,0.04136595618650537,-0.014875399824885142,0.01343231460603357,0.06791331237386397,0.09463298026425032,0.8331922099915327,0.1668077900084674
Centro-Oeste,precipitacao_total_mm,4,468.0,468.0,518.0,0.23014737326915277,0.22375928299286738,0.10945139900714726,0.1630236806392675,0.29365793975706245,0.35438488839307136,0.9957264957264957,0.004273504273504274
Norte,temperatura_media_c,6,450.0,450.0,516.0,-0.09976182165324067,-0.10106637695402257,-0.2501362896805235,-0.18538787178805785,-0.004253693881491761,0.04327647727371535,0.2288888888888889,0.7711111111111111
Nordeste,temperatura_media_c,6,1793.0,1793.0,516.0,-0.02871631879269101,-0.03751897281969175,-0.2164600723167042,-0.1338050778097132,0.07534998106555885,0.1814380456521886,0.4088120468488567,0.5911879531511434
Sudeste,temperatura_media_c,6,1668.0,1668.0,516.0,0.2491440785718733,0.2490634196254875,0.14381533697394558,0.19484839755312172,0.3054050104477025,0.35662979038229536,0.9952038369304557,0.004796163069544364
Sul,temperatura_media_c,6,1191.0,1181.0,516.0,0.2017484209218716,0.20588562291054566,0.08226461652982095,0.13932823639713104,0.26615017902088406,0.31715235709408973,0.9889923793395428,0.01100762066045724
Centro-Oeste,temperatura_media_c,6,468.0,468.0,516.0,0.017516726208748785,0.020083415037616684,-0.15480763235175682,-0.054749273264094366,0.092819209275191,0.1948122876764691,0.5662393162393162,0.4337606837606838
Norte,umidade_relativa_media_pct,6,450.0,450.0,516.0,0.16009732458057502,0.15950719428807103,0.004064483095287612,0.06422232784125506,0.24084755592519685,0.3163454033940775,0.9088888888888889,0.09111111111111111
Nordeste,umidade_relativa_media_pct,6,1793.0,1793.0,516.0,0.180673093579959,0.17452500877793298,0.0459657962192764,0.108495578159106,0.2503665357734024,0.31607428866679127,0.9682097044060234,0.03179029559397657
Sudeste,umidade_relativa_media_pct,6,1668.0,1668.0,516.0,0.17756817505351685,0.16741031105258616,0.04540998956699108,0.09898215255285303,0.24956653488996655,0.3195668822473644,0.9748201438848921,0.025179856115107913
Sul,umidade_relativa_media_pct,6,1191.0,1181.0,516.0,0.032332062362035736,0.029204747345660892,-0.0453934348770933,-0.009236871721210295,0.06954146502476447,0.11610191139994043,0.6968670618120237,0.30313293818797626
Centro-Oeste,umidade_relativa_media_pct,6,468.0,468.0,516.0,0.311312657796054,0.3096785774997799,0.15250687910846736,0.22196291845838398,0.39682010465402373,0.47354634260927836,0.9957264957264957,0.004273504273504274
Norte,precipitacao_total_mm,6,450.0,450.0,516.0,0.1774922221237739,0.17824274719824007,0.031439201700267,0.09004118377528172,0.25050602488536977,0.32014453127252834,0.9488888888888889,0.051111111111111114
Nordeste,precipitacao_total_mm,6,1793.0,1793.0,516.0,0.1713227598574326,0.16533930789273693,0.06487995799538049,0.11078419253709816,0.22666931565246928,0.28644580469286157,0.9888455103179029,0.011154489682097044
Sudeste,precipitacao_total_mm,6,1668.0,1668.0,516.0,0.17338995060968437,0.17154915500063342,0.0801029244270887,0.1242962888180143,0.22066149225108828,0.2694221753522742,0.9910071942446043,0.008992805755395683
Sul,precipitacao_total_mm,6,1191.0,1181.0,516.0,0.04759970917680433,0.046262090453123794,-0.013460138203931455,0.017229929333125452,0.07663870889372348,0.10909276031679488,0.8535139712108383,0.14648602878916173
Centro-Oeste,precipitacao_total_mm,6,468.0,468.0,516.0,0.2726976450663591,0.2677005956900001,0.14337662343197766,0.19794231003257384,0.34089855006279945,0.4107243328326969,0.9978632478632479,0.002136752136752137
Norte,temperatura_media_c,8,450.0,450.0,514.0,-0.07565455312458638,-0.08071719736873195,-0.22821523539909175,-0.16066963086938946,0.015264255478677925,0.07164691837926149,0.30666666666666664,0.6933333333333334
Nordeste,temperatura_media_c,8,1793.0,1793.0,514.0,-0.0025918611496993987,-0.008245265137857581,-0.198932761076961,-0.11176240789589091,0.10848409070178841,0.20845143670225852,0.4796430563301729,0.5203569436698271
Sudeste,temperatura_media_c,8,1668.0,1668.0,514.0,0.27742679876290155,0.2762648011596977,0.1780254054252962,0.22540296479299698,0.3306273881904438,0.3800780051966728,0.9988009592326139,0.001199040767386091
Sul,temperatura_media_c,8,1191.0,1181.0,514.0,0.23579438364573765,0.24095859407837283,0.09301361927922035,0.16212479152135012,0.3112333507859874,0.36812235400717563,0.9932260795935648,0.006773920406435224
Centro-Oeste,temperatura_media_c,8,468.0,468.0,514.0,0.055322098055963234,0.056228037161099996,-0.12431262779987783,-0.02274711106332429,0.1384016408097284,0.23974939142757826,0.6816239316239316,0.31837606837606836
Norte,umidade_relativa_media_pct,8,450.0,450.0,514.0,0.1374503068025423,0.13830569512664445,-0.02649308044450235,0.03403999928855211,0.21834766110298415,0.3080424704265641,0.8533333333333334,0.14666666666666667
Nordeste,umidade_relativa_media_pct,8,1793.0,1793.0,514.0,0.16531926916076767,0.1602678685484378,0.024643930595613806,0.08573123518668974,0.2389350279204288,0.3120749134575448,0.9380925822643614,0.0619074177356386
Sudeste,umidade_relativa_media_pct,8,1668.0,1668.0,514.0,0.17481215987166113,0.16709333252675138,0.03632928051637185,0.08992033798840801,0.24928405560761344,0.32740792936093327,0.9634292565947242,0.03657074340527578
Sul,umidade_relativa_media_pct,8,1191.0,1181.0,514.0,0.015245924699416047,0.014175206329069729,-0.07829970272994403,-0.031526824197019895,0.060438053288272675,0.11042792664332336,0.5808636748518204,0.4191363251481795
Centro-Oeste,umidade_relativa_media_pct,8,468.0,468.0,514.0,0.30744362160790956,0.30532791320087943,0.1382610282741369,0.20481716073766815,0.39465798499678645,0.48125095489782077,0.9935897435897436,0.00641025641025641
Norte,precipitacao_total_mm,8,450.0,450.0,514.0,0.1655327272936917,0.16428431141088515,0.017868292172044404,0.072734918375821,0.24104208694597717,0.32823179118691503,0.9377777777777778,0.06222222222222222
Nordeste,precipitacao_total_mm,8,1793.0,1793.0,514.0,0.17246361312968078,0.16566800243597382,0.057768505024191855,0.10593489910152883,0.23154900674506987,0.29384314443766996,0.9827105409927496,0.01728945900725042
Sudeste,precipitacao_total_mm,8,1668.0,1668.0,514.0,0.20187531600667794,0.2007695164062635,0.10340944482347968,0.1492900103565725,0.2541814827573961,0.3024253192881567,0.9952038369304557,0.004796163069544364
Sul,precipitacao_total_mm,8,1191.0,1181.0,514.0,0.052243324261941886,0.04517101990719635,-0.014141953129656633,0.014312947073809569,0.08620489235067588,0.13082262726500388,0.842506350550381,0.15749364944961897
Centro-Oeste,precipitacao_total_mm,8,468.0,468.0,514.0,0.2984655186677203,0.29430340779215663,0.1507380688677707,0.21655459952556133,0.37259292468631566,0.44785289256826566,0.9978632478632479,0.002136752136752137
