modelo,horizonte,fold,treino_inicio,treino_fim,validacao_ano,linhas_treino,positivos_treino,prevalencia_treino,linhas_validacao,threshold,tempo_treinamento_segundos,tempo_predicao_segundos,geral_observacoes,geral_positivos,geral_negativos,geral_prevalencia,geral_pr_auc_average_precision,geral_roc_auc,geral_recall,geral_precision,geral_f1,geral_balanced_accuracy,geral_brier_score,geral_tn,geral_fp,geral_fn,geral_tp,early_warning_observacoes,early_warning_positivos,early_warning_negativos,early_warning_prevalencia,early_warning_pr_auc_average_precision,early_warning_roc_auc,early_warning_recall,early_warning_precision,early_warning_f1,early_warning_balanced_accuracy,early_warning_brier_score,early_warning_tn,early_warning_fp,early_warning_fn,early_warning_tp
logistic_regression,1,fold_1,2018,2020,2021,868764,136119,0.1566812160724892,284019,0.5,5.297398900000189,0.07931509999980335,284019,25009,259010,0.08805396822043596,0.8911299303372638,0.9643046219279363,0.8341796953096885,0.8834963791132003,0.8581300645798199,0.9117792418867272,0.020596562558915385,256259,2751,4147,20862,259449,4121,255328,0.015883661143423176,0.1534206355270422,0.8048130962839879,0.03372967726280029,0.556,0.06360100663463739,0.5166474711668055,0.014802410555381345,255217,111,3982,139
hist_gradient_boosting,1,fold_1,2018,2020,2021,868764,136119,0.1566812160724892,284019,0.5,11.092518999999811,0.6836397999995825,284019,25009,259010,0.08805396822043596,0.9286521570491758,0.9797778567832641,0.830740933264025,0.9331656485806683,0.8789795443487826,0.9124979906658336,0.016548372703796645,257522,1488,4233,20776,259449,4121,255328,0.015883661143423176,0.245847951905486,0.8898285462142965,0.08056297015287552,0.5627118644067797,0.14094672044151985,0.5397762525911639,0.01349574484975013,255070,258,3789,332
logistic_regression,1,fold_2,2018,2021,2022,1158352,161367,0.1393073953340608,284019,0.5,7.244115899999088,0.07806600000003527,284019,62392,221627,0.21967544424844818,0.9336487331778044,0.9649285684632303,0.8677554814719836,0.911971297185305,0.889314136942649,0.9220876610074389,0.04047254378583848,216401,5226,8251,54141,221748,8020,213728,0.03616718076374984,0.22661545364534502,0.7840878639440663,0.06832917705735661,0.6129753914988815,0.12295265873906215,0.5333551484927448,0.032402871838044696,213382,346,7472,548
hist_gradient_boosting,1,fold_2,2018,2021,2022,1158352,161367,0.1393073953340608,284019,0.5,12.960735799999384,0.7164702999998553,284019,62392,221627,0.21967544424844818,0.9568575001486809,0.978349015467112,0.8637004744197974,0.9509423307686878,0.9052242566773055,0.9255784381962406,0.03251485104161236,218847,2780,8504,53888,221748,8020,213728,0.03616718076374984,0.30138091978838666,0.8642464252463988,0.10760598503740648,0.6116229624379872,0.1830134662283957,0.552520989224797,0.029333606336072467,213180,548,7157,863
logistic_regression,1,fold_3,2018,2022,2023,1447940,224436,0.15500366037266738,284019,0.5,8.318063700000494,0.0781650000008085,284019,53476,230543,0.1882831782380756,0.9202651624539314,0.9638822999070433,0.8599558680529583,0.898341505342736,0.8787296855742498,0.9186915362612033,0.03793049126589761,225339,5204,7489,45987,231044,7472,223572,0.03234016031578401,0.19564638518365632,0.7893289678301278,0.05487152034261242,0.57991513437058,0.10025675510453601,0.5267715446165856,0.02935737742600314,223275,297,7062,410
hist_gradient_boosting,1,fold_3,2018,2022,2023,1447940,224436,0.15500366037266738,284019,0.5,16.353476000000228,0.7106667999996716,284019,53476,230543,0.1882831782380756,0.9499198265064864,0.9780394411815746,0.8537100755479093,0.9421537064553409,0.8957540320998313,0.9207759115372005,0.030379742164894606,227740,2803,7823,45653,231044,7472,223572,0.03234016031578401,0.28618761428887624,0.8710349679063287,0.08899892933618844,0.5703259005145798,0.1539708265802269,0.5433790202475048,0.02651311404821062,223071,501,6807,665
logistic_regression,1,fold_4,2018,2023,2024,1737528,278541,0.160308783513129,284019,0.5,9.230823300000338,0.06918820000100823,284019,97318,186701,0.3426460905784472,0.9608651562295385,0.9716972996077342,0.9058550319570892,0.9254154375872603,0.9155307691908255,0.9338997657254662,0.047718259976332174,179596,7105,9162,88156,186544,9107,177437,0.04881958143923149,0.24877238239257093,0.7912736236760278,0.07422861535082903,0.5868055555555556,0.1317867238522273,0.5357729865304448,0.043292764555209494,176961,476,8431,676
hist_gradient_boosting,1,fold_4,2018,2023,2024,1737528,278541,0.160308783513129,284019,0.5,19.68079079999916,0.7686775000001944,284019,97318,186701,0.3426460905784472,0.9760715923730272,0.9824379065666956,0.9021969214328285,0.9561874475893839,0.9284079073283952,0.940324549489372,0.037654519118523355,182678,4023,9518,87800,186544,9107,177437,0.04881958143923149,0.31696108774218884,0.8609639458984708,0.09948391347315252,0.5759694850603941,0.1696629213483146,0.5478624163926795,0.038879146948065435,176770,667,8201,906
logistic_regression,2,fold_1,2018,2020,2021,863195,135934,0.1574777425726516,278450,0.5,3.9965510000001814,0.07460750000063854,278450,24738,253712,0.08884180283713414,0.7752669310701804,0.9219703016719083,0.6979545638289272,0.802696420269642,0.7466701262757308,0.8406134678260484,0.03500545476639126,249468,4244,7472,17266,254675,7165,247510,0.028133896142141946,0.15964913466252073,0.7590623210103546,0.035868806699232376,0.5538793103448276,0.06737449206973391,0.5175162384269868,0.025950047403047894,247303,207,6908,257
hist_gradient_boosting,2,fold_1,2018,2020,2021,863195,135934,0.1574777425726516,278450,0.5,10.473315100000036,0.7648351999996521,278450,24738,253712,0.08884180283713414,0.8394166369268536,0.9515405894398892,0.6984396475058614,0.8744369654334734,0.7765916803380003,0.8443304215961545,0.02915920783818176,251231,2481,7460,17278,254675,7165,247510,0.028133896142141946,0.24959396604862866,0.8536251651233445,0.0928122819260293,0.5358581788879936,0.15822031881989054,0.5452425516130894,0.023772080820264788,246934,576,6500,665
logistic_regression,2,fold_2,2018,2021,2022,1152783,161182,0.139819896719504,278450,0.5,5.906052999998792,0.06946880000032252,278450,61694,216756,0.22156221942898185,0.858206491180303,0.9249461771698593,0.7484034103802639,0.8566869526495473,0.7988926377714335,0.8563844360026585,0.0697880042250775,209032,7724,15522,46172,217125,14012,203113,0.0645342544617156,0.25810978313266947,0.7467498634608725,0.06694262061090493,0.6554856743535988,0.12147898724341126,0.53225770014756,0.05607830128287232,202620,493,13074,938
hist_gradient_boosting,2,fold_2,2018,2021,2022,1152783,161182,0.139819896719504,278450,0.5,13.604373599999235,0.7652906000002986,278450,61694,216756,0.22156221942898185,0.899428638227641,0.9485331573912925,0.7478523033034007,0.908425052668885,0.8203550758781327,0.8631974982349553,0.057856572781534374,212105,4651,15556,46138,217125,14012,203113,0.0645342544617156,0.33832411229815723,0.8296225507118442,0.11268912360833572,0.6204322200392928,0.19073503654043608,0.553966575166188,0.050992054762175575,202147,966,12433,1579
logistic_regression,2,fold_3,2018,2022,2023,1442371,224251,0.15547386906697375,278450,0.5,7.066381799999363,0.06830389999959152,278450,52815,225635,0.18967498653259113,0.8304232700903759,0.9201058009780096,0.7418157720344599,0.8302394575121848,0.7835408229588521,0.853155764227614,0.06478023962702904,217624,8011,13636,39179,226717,12952,213765,0.05712849058517888,0.21150100345932135,0.7381013421291935,0.053119209388511425,0.593103448275862,0.09750566893424037,0.5254555886018177,0.05066601583158552,213293,472,12264,688
hist_gradient_boosting,2,fold_3,2018,2022,2023,1442371,224251,0.15547386906697375,278450,0.5,16.7951692000006,0.7550049000001309,278450,52815,225635,0.18967498653259113,0.883912759299122,0.9472137840921174,0.7337688156773644,0.891511387163561,0.804985200186945,0.8564339014899331,0.05343484457953661,220919,4716,14061,38754,226717,12952,213765,0.05712849058517888,0.30486997918319764,0.8321268434767145,0.09844039530574429,0.5543478260869565,0.16719118804091268,0.5468227050792516,0.045966067182177786,212740,1025,11677,1275
logistic_regression,2,fold_4,2018,2023,2024,1731959,278356,0.16071743037797084,278450,0.5,8.05706680000003,0.08238119999987248,278450,95900,182550,0.3444065361824385,0.915219217206374,0.9366423173447417,0.8311053180396246,0.8758090214823361,0.8528717797811722,0.8845967565273445,0.08111794143429735,171248,11302,16197,79703,182221,15500,166721,0.08506154614451682,0.2700999313475099,0.7331417782964044,0.07251612903225807,0.5953389830508474,0.12928456406717276,0.5339668114646239,0.0733875205922074,165957,764,14376,1124
hist_gradient_boosting,2,fold_4,2018,2023,2024,1731959,278356,0.16071743037797084,278450,0.5,20.372495400000844,0.7631256000004214,278450,95900,182550,0.3444065361824385,0.9429791915262407,0.9563247389476335,0.8201876955161627,0.9230299829842163,0.8685752146426303,0.8921289066460572,0.06655724524241748,175991,6559,17244,78656,182221,15500,166721,0.08506154614451682,0.34508340936616155,0.8132136726007966,0.11483870967741935,0.5843729481286933,0.19195513857435564,0.553622592583205,0.06623465869159398,165455,1266,13720,1780
logistic_regression,3,fold_1,2018,2020,2021,857626,135744,0.15827878352568603,272881,0.5,4.003333099999509,0.06842069999947853,272881,24432,248449,0.08953353293193736,0.6550232308129139,0.8711921859153942,0.5546823837590046,0.7515527950310559,0.6382818387339865,0.7683252570196317,0.04707446924968204,243969,4480,10880,13552,249891,9670,240221,0.03869687183612055,0.14436993746519994,0.7071204337446816,0.028955532574974147,0.5458089668615984,0.054993616812334285,0.513992796197445,0.035907508793230264,239988,233,9390,280
hist_gradient_boosting,3,fold_1,2018,2020,2021,857626,135744,0.15827878352568603,272881,0.5,10.406199999999444,0.7394739000010304,272881,24432,248449,0.08953353293193736,0.7320111367022013,0.9158865214723381,0.5565242305173543,0.8191950837450295,0.6627833292712649,0.7722226463938398,0.04121916883030228,245448,3001,10835,13597,249891,9670,240221,0.03869687183612055,0.2307951242909002,0.8166909007138966,0.08148914167528439,0.5057766367137355,0.14036337727110795,0.5391418799821383,0.03334284120479387,239451,770,8882,788
logistic_regression,3,fold_2,2018,2021,2022,1147214,160992,0.14033301546180574,272881,0.5,5.260133499999938,0.07440060000044468,272881,60973,211908,0.22344172001715032,0.7742522148109411,0.8781140851015562,0.6062027454775064,0.821031120193696,0.6974488640652124,0.7840907643615329,0.094670763153988,203851,8057,24011,36962,212527,18972,193555,0.08926865762938356,0.255612051140793,0.702235241984352,0.05497575374235716,0.6685897435897435,0.10159750633157998,0.5261523391687167,0.07680306435956072,193038,517,17929,1043
hist_gradient_boosting,3,fold_2,2018,2021,2022,1147214,160992,0.14033301546180574,272881,0.5,13.694358299999294,0.8205684999993537,272881,60973,211908,0.22344172001715032,0.8270119011174146,0.9118007504944743,0.6223902383021993,0.863615675208229,0.7234237239670209,0.7970545487148726,0.08242528100137256,205915,5993,23024,37949,212527,18972,193555,0.08926865762938356,0.33980054928577064,0.7975722509764142,0.10415348935273033,0.6329276105060858,0.17887209197067078,0.549116345823326,0.07047136827830881,192409,1146,16996,1976
logistic_regression,3,fold_3,2018,2022,2023,1436802,224061,0.15594424283930564,272881,0.5,7.683618300001399,0.1017281999993429,272881,52094,220787,0.1909037272657312,0.7341453975189267,0.8657331759371224,0.595385265097708,0.7968143866409763,0.6815280326085762,0.7797817048221309,0.08684847204868508,212878,7909,21078,31016,222378,17355,205023,0.07804279200280603,0.1990077678843981,0.6726547018251424,0.044194756554307116,0.5978176149649259,0.08230496834424295,0.520838982877613,0.06871366808300754,204507,516,16588,767
hist_gradient_boosting,3,fold_3,2018,2022,2023,1436802,224061,0.15594424283930564,272881,0.5,17.893989400001374,0.7141812999998365,272881,52094,220787,0.1909037272657312,0.8018889271574008,0.9084283081986317,0.6054823972050524,0.8435719825626488,0.7049673129574789,0.7894954006162317,0.07531137042247618,214938,5849,20552,31542,222378,17355,205023,0.07804279200280603,0.29149593266320306,0.7921032729998476,0.09420916162489196,0.5439121756487026,0.16060114925593044,0.5437610535008761,0.06356075392301856,203652,1371,15720,1635
logistic_regression,3,fold_4,2018,2023,2024,1726390,278166,0.16112581745723736,272881,0.5,9.934619399999065,0.0848816000016086,272881,94311,178570,0.3456121899289434,0.8637691441582162,0.8949650337498106,0.7365948828874681,0.8482380522112872,0.7884841296415053,0.8334959630319068,0.10987752724393493,166141,12429,24842,69469,177938,20706,157232,0.11636637480470725,0.2638844864801291,0.669513177802114,0.060030908915290254,0.6147378832838774,0.10938049982400563,0.5275382233596498,0.09897912283334578,156453,779,19463,1243
hist_gradient_boosting,3,fold_4,2018,2023,2024,1726390,278166,0.16112581745723736,272881,0.5,20.5337600999992,0.7331353000008676,272881,94311,178570,0.3456121899289434,0.8988794152802972,0.9221942220279098,0.7277093870280243,0.8877376794722546,0.7997972276120056,0.8395532991028569,0.09502962506060869,169891,8679,25680,68631,177938,20706,157232,0.11636637480470725,0.3384683650677734,0.7675577830489,0.10842267941659423,0.5657762096774194,0.18197292696765827,0.54873217516164,0.091202489088689,155509,1723,18461,2245
logistic_regression,4,fold_1,2018,2020,2021,852057,135548,0.15908325381987357,267312,0.5,3.5814923999987514,0.08157250000112981,267312,24155,243157,0.09036257257437003,0.5160449474868314,0.8079455185997362,0.4154419374870627,0.6787743506493507,0.5154215567939597,0.6979556730703654,0.058947712217443576,238408,4749,14120,10035,245070,11811,233259,0.04819439343860938,0.1026930808769664,0.6437675025663652,0.009567352468038269,0.5,0.018775442385976573,0.504541456212498,0.04573397314095356,233146,113,11698,113
hist_gradient_boosting,4,fold_1,2018,2020,2021,852057,135548,0.15908325381987357,267312,0.5,10.402022899999793,0.684248600000501,267312,24155,243157,0.09036257257437003,0.5943849802763416,0.8711418447717387,0.41068101842268684,0.737491636309568,0.5275753869063448,0.6980797682086168,0.053958737655287345,239626,3531,14235,9920,245070,11811,233259,0.04819439343860938,0.1782454000672503,0.7742128117537981,0.03606807213614427,0.4346938775510204,0.06660933468845281,0.5168465149006145,0.043250707860890955,232705,554,11385,426
logistic_regression,4,fold_2,2018,2021,2022,1141645,160796,0.14084588466642434,267312,0.5,4.521436399998493,0.06324580000000424,267312,60200,207112,0.2252050038905848,0.6642163195138772,0.8208336074185357,0.4574750830564784,0.7486136783733827,0.567905307873139,0.7064114570908333,0.1201434828851766,197864,9248,32660,27540,207946,23294,184652,0.11201946659228838,0.22362006371399504,0.6514250043114106,0.022151627028419336,0.7068493150684931,0.04295704295704296,0.5104963451087767,0.09724246528646824,184438,214,22778,516
hist_gradient_boosting,4,fold_2,2018,2021,2022,1141645,160796,0.14084588466642434,267312,0.5,13.125241499999902,0.6790247999997518,267312,60200,207112,0.2252050038905848,0.7225029221321897,0.8656800010561316,0.4931229235880399,0.7796512238680534,0.6041352924416948,0.7263067203980602,0.10908773670390086,198722,8390,30514,29686,207946,23294,184652,0.11201946659228838,0.3151357097573364,0.7639823066466849,0.06014424315274319,0.6117903930131005,0.10952157598499061,0.5276648906771666,0.08986177853594143,183763,889,21893,1401
logistic_regression,4,fold_3,2018,2022,2023,1431233,223865,0.15641408491838854,267312,0.5,6.312101500001518,0.06404490000022633,267312,51293,216019,0.1918843897767403,0.6127884788717186,0.7958467105520532,0.427875148655762,0.7201877009910087,0.5368180317242898,0.6942008844996714,0.10834683952703193,207492,8527,29346,21947,218000,21055,196945,0.09658256880733945,0.1581612284804534,0.5907443786358594,0.016575635241035384,0.5915254237288136,0.032247632247632246,0.5076759716736797,0.0857779951199704,196704,241,20706,349
hist_gradient_boosting,4,fold_3,2018,2022,2023,1431233,223865,0.15641408491838854,267312,0.5,16.708979900000486,0.7214265000002342,267312,51293,216019,0.1918843897767403,0.6906997729243781,0.8601822410676453,0.4810987854093151,0.7576139015104998,0.5884934120312407,0.7222755371641727,0.09833539165531426,208124,7895,26616,24677,218000,21055,196945,0.09658256880733945,0.24867679414883578,0.7487939612175843,0.048302066017573024,0.4458570802279702,0.08716146726088447,0.5209420152627152,0.08085093856027636,195681,1264,20038,1017
logistic_regression,4,fold_4,2018,2023,2024,1720821,277970,0.16153336111077213,267312,0.5,7.781809099999009,0.07295030000022962,267312,92488,174824,0.34599269767163465,0.7956049946627544,0.842962222753235,0.6217347115301445,0.802039165364874,0.700470204161185,0.7702751029851336,0.13889059901150574,160631,14193,34985,57503,173601,24960,148641,0.14377797362918415,0.23205475363108,0.5999071774572499,0.02792467948717949,0.6740812379110251,0.05362776025236593,0.5128287359599769,0.12239310600482099,148304,337,24263,697
hist_gradient_boosting,4,fold_4,2018,2023,2024,1720821,277970,0.16153336111077213,267312,0.5,19.957620999999563,0.7463240999986738,267312,92488,174824,0.34599269767163465,0.8359445074287079,0.877826303350513,0.6418778652365712,0.8229390482263408,0.7212182691782029,0.7844079071297942,0.1255375516744883,162051,12773,33122,59366,173601,24960,148641,0.14377797362918415,0.3043693692116062,0.7174945462622125,0.05725160256410256,0.5061990789939781,0.10286866069178995,0.5239366509130414,0.11502969207216543,147247,1394,23531,1429
