modelo,horizonte,fold,validacao_ano,geral_pr_auc_average_precision_a,geral_recall_a,geral_f1_a,geral_balanced_accuracy_a,geral_brier_score_a,early_warning_pr_auc_average_precision_a,early_warning_recall_a,early_warning_f1_a,early_warning_balanced_accuracy_a,early_warning_brier_score_a,geral_pr_auc_average_precision_b,geral_recall_b,geral_f1_b,geral_balanced_accuracy_b,geral_brier_score_b,early_warning_pr_auc_average_precision_b,early_warning_recall_b,early_warning_f1_b,early_warning_balanced_accuracy_b,early_warning_brier_score_b,geral_pr_auc_average_precision_delta_b_menos_a,geral_recall_delta_b_menos_a,geral_f1_delta_b_menos_a,geral_balanced_accuracy_delta_b_menos_a,geral_brier_score_delta_b_menos_a,early_warning_pr_auc_average_precision_delta_b_menos_a,early_warning_recall_delta_b_menos_a,early_warning_f1_delta_b_menos_a,early_warning_balanced_accuracy_delta_b_menos_a,early_warning_brier_score_delta_b_menos_a
hist_gradient_boosting,1,fold_1,2021,0.9280990458313868,0.8320204726298532,0.8801099714497198,0.9131763688966802,0.0164649151955481,0.248450580114801,0.0827469060907546,0.1445527766002543,0.5408721370909971,0.0134548499130741,0.9286521570491758,0.830740933264025,0.8789795443487826,0.9124979906658336,0.0165483727037966,0.245847951905486,0.0805629701528755,0.1409467204415198,0.5397762525911639,0.0134957448497501,0.0005531112177890041,-0.0012795393658282528,-0.001130427100937248,-0.0006783782308465991,8.34575082485009e-05,-0.0026026282093150055,-0.002183935937879092,-0.003606056158734522,-0.0010958844998332218,4.0894936676000304e-05
hist_gradient_boosting,1,fold_2,2022,0.9564887833175388,0.8642774714707013,0.9056540396194253,0.9258962652782312,0.0323779070978046,0.306380432639965,0.112219451371571,0.1898133502056311,0.5547926310608418,0.0292562845862208,0.9568575001486808,0.8637004744197974,0.9052242566773055,0.9255784381962406,0.0325148510416123,0.3013809197883866,0.1076059850374064,0.1830134662283957,0.552520989224797,0.0293336063360724,0.0003687168311419242,-0.0005769970509039712,-0.00042978294211970525,-0.00031782708199057375,0.00013694394380769914,-0.004999512851578403,-0.004613466334164595,-0.0067998839772353825,-0.00227164183604478,7.73217498515992e-05
hist_gradient_boosting,1,fold_3,2023,0.9497366601233296,0.8536726755927893,0.8958729909531565,0.9207919122445454,0.0303619611947363,0.284240584632158,0.0920770877944325,0.1582700713135496,0.5448442977483247,0.0265225197181674,0.9499198265064864,0.8537100755479093,0.8957540320998313,0.9207759115372004,0.0303797421648946,0.2861876142888762,0.0889989293361884,0.1539708265802269,0.5433790202475048,0.0265131140482106,0.00018316638315685196,3.739995512008765e-05,-0.00011895885332524614,-1.6000707344976384e-05,1.778097015829941e-05,0.0019470296567181689,-0.003078158458244093,-0.004299244733322688,-0.0014652775008198171,-9.405669956798896e-06
hist_gradient_boosting,1,fold_4,2024,0.9763499395000388,0.9021249922933064,0.9286481169047532,0.9404412354142522,0.0374950103775037,0.3243044181296028,0.1006917755572636,0.1720773128166635,0.5485593381863821,0.0387143138154689,0.9760715923730272,0.9021969214328284,0.9284079073283952,0.940324549489372,0.0376545191185233,0.3169610877421888,0.0994839134731525,0.1696629213483146,0.5478624163926795,0.0388791469480654,-0.00027834712701158004,7.192913952192015e-05,-0.00024020957635806361,-0.0001166859248801222,0.0001595087410196025,-0.0073433303874140265,-0.001207862084111097,-0.002414391468348903,-0.0006969217937026206,0.0001648331325964994
hist_gradient_boosting,2,fold_1,2021,0.8384006187887212,0.698641765704584,0.7759793467280278,0.8443467389410856,0.029138073043634,0.2509699247757364,0.0954640614096301,0.1615684421873154,0.5464835962981245,0.0237848085053146,0.8394166369268536,0.6984396475058614,0.7765916803380003,0.8443304215961545,0.0291592078381817,0.2495939660486286,0.0928122819260293,0.1582203188198905,0.5452425516130894,0.0237720808202647,0.0010160181381324573,-0.00020211819872262282,0.0006123336099724819,-1.631734493112713e-05,2.113479454770098e-05,-0.0013759587271077733,-0.0026517794836007913,-0.0033481233674249045,-0.0012410446850350532,-1.2727685049899323e-05
hist_gradient_boosting,2,fold_2,2022,0.8983034181100406,0.7478847213667456,0.8205438281375043,0.8632667623147001,0.0578453681540313,0.3359654948863583,0.1192549243505566,0.2001916856355577,0.5571386997622373,0.050998216188365,0.899428638227641,0.7478523033034007,0.8203550758781327,0.8631974982349553,0.0578565727815343,0.3383241122981572,0.1126891236083357,0.190735036540436,0.553966575166188,0.0509920547621755,0.0011252201176004117,-3.241806334486341e-05,-0.0001887522593715385,-6.926407974483517e-05,1.120462750299478e-05,0.00235861741179888,-0.0065658007422208925,-0.0094566490951217,-0.0031721245960493194,-6.161426189504882e-06
hist_gradient_boosting,2,fold_3,2023,0.8844075438053657,0.7324245006153555,0.8046385855434217,0.8559035659280381,0.0533062913071689,0.3079034599637027,0.1036133415688696,0.1745577523413111,0.5492758542335495,0.0459073450085464,0.883912759299122,0.7337688156773644,0.804985200186945,0.8564339014899331,0.0534348445795366,0.3048699791831976,0.0984403953057442,0.1671911880409126,0.5468227050792516,0.0459660671821777,-0.0004947845062436285,0.0013443150620089384,0.00034661464352325755,0.0005303355618950789,0.0001285532723677013,-0.003033480780505138,-0.005172946263125408,-0.007366564300398504,-0.002453149154297951,5.8722173631300945e-05
hist_gradient_boosting,2,fold_4,2024,0.9430895350860458,0.8200938477580814,0.8692197170645447,0.8924818732079917,0.0662648598257193,0.3462057522089077,0.116516129032258,0.1944863234977385,0.5544613022606244,0.0661895531780224,0.9429791915262408,0.8201876955161627,0.8685752146426303,0.8921289066460572,0.0665572452424174,0.3450834093661615,0.1148387096774193,0.1919551385743556,0.553622592583205,0.0662346586915939,-0.00011034355980499289,9.384775808130019e-05,-0.0006445024219143836,-0.00035296656193450904,0.0002923854166981127,-0.0011223428427462045,-0.0016774193548386995,-0.0025311849233829176,-0.0008387096774193914,4.5105513571494504e-05
hist_gradient_boosting,3,fold_1,2021,0.7310750898103759,0.5610265225933202,0.6640988372093023,0.7741920444674517,0.0412698428767304,0.2316948016340938,0.0899689762150982,0.1526583611159852,0.5431986325828447,0.033388034724567,0.7320111367022013,0.5565242305173543,0.6627833292712649,0.7722226463938398,0.0412191688303022,0.2307951242909002,0.0814891416752843,0.1403633772711079,0.5391418799821383,0.0333428412047938,0.0009360468918253595,-0.0045022920759658636,-0.0013155079380373635,-0.001969398073611961,-5.0674046428195174e-05,-0.0008996773431936,-0.008479834539813894,-0.012294983844877316,-0.004056752600706481,-4.519351977320257e-05
hist_gradient_boosting,3,fold_2,2022,0.8249059913086986,0.6248339428927558,0.7236156088851746,0.7977219151011715,0.0825983818701763,0.3340335903564344,0.1118490406915454,0.1898117089315264,0.5526567153291108,0.070717531325712,0.8270119011174146,0.6223902383021993,0.7234237239670209,0.7970545487148726,0.0824252810013725,0.3398005492857706,0.1041534893527303,0.1788720919706707,0.549116345823326,0.0704713682783088,0.0021059098087160555,-0.002443704590556539,-0.00019188491815369524,-0.0006673663862989399,-0.00017310086880380215,0.005766958929336208,-0.007695551338815096,-0.010939616960855714,-0.003540369505784735,-0.00024616304740320005
hist_gradient_boosting,3,fold_3,2023,0.8029998628944107,0.6069796905593734,0.7062923004757756,0.7903006629455819,0.0750450203033859,0.2964960198782945,0.1026793431287813,0.1727832452610656,0.5477059329106786,0.0633877722984962,0.8018889271574008,0.6054823972050524,0.7049673129574789,0.7894954006162317,0.0753113704224761,0.291495932663203,0.0942091616248919,0.1606011492559304,0.5437610535008761,0.0635607539230185,-0.0011109357370099326,-0.0014972933543210276,-0.001324987518296683,-0.000805262329350187,0.00026635011909019457,-0.005000087215091487,-0.008470181503889396,-0.012182096005135201,-0.003944879409802482,0.00017298162452231147
hist_gradient_boosting,3,fold_4,2024,0.8988552127085949,0.7299996819034895,0.8011427108545894,0.8406004457565832,0.0948181670051266,0.3389874449566671,0.1133970829711194,0.1898217389546869,0.5513402174802682,0.0911646451365092,0.8988794152802972,0.7277093870280243,0.7997972276120056,0.8395532991028569,0.0950296250606086,0.3384683650677734,0.1084226794165942,0.1819729269676582,0.54873217516164,0.091202489088689,2.4202571702325315e-05,-0.002290294875465171,-0.001345483242583878,-0.0010471466537262941,0.0002114580554819917,-0.0005190798888937143,-0.004974403554525206,-0.007848811987028692,-0.002608042318628212,3.7843952179802964e-05
hist_gradient_boosting,4,fold_1,2021,0.5933898437580646,0.4153177395984268,0.5292395346996914,0.7000012658643071,0.0540894264447929,0.1779755163442505,0.0390314113961561,0.0712464260876284,0.5180816774290724,0.0432656156391703,0.5943849802763416,0.4106810184226868,0.5275753869063448,0.6980797682086168,0.0539587376552873,0.1782454000672503,0.0360680721361442,0.0666093346884528,0.5168465149006145,0.0432507078608909,0.0009951365182769845,-0.004636721175740044,-0.0016641477933466708,-0.001921497655690274,-0.00013068878950559665,0.00026988372299979746,-0.0029633392600119032,-0.004637091399175605,-0.0012351625284579004,-1.4907778279400763e-05
hist_gradient_boosting,4,fold_2,2022,0.7190248214850448,0.5000166112956811,0.6070096190687451,0.7285778718728781,0.1094853088090012,0.306161217970998,0.065295784322143,0.117893268224625,0.5299725894294466,0.0903068184092999,0.7225029221321897,0.4931229235880399,0.6041352924416948,0.7263067203980602,0.1090877367039008,0.3151357097573364,0.0601442431527431,0.1095215759849906,0.5276648906771666,0.0898617785359414,0.0034781006471449327,-0.006893687707641205,-0.0028743266270502277,-0.002271151474817934,-0.0003975721051003994,0.008974491786338412,-0.005151541169399899,-0.008371692239634396,-0.0023076987522799852,-0.00044503987335849093
hist_gradient_boosting,4,fold_3,2023,0.6944273845813731,0.4832433275495681,0.5905674088369489,0.7234218757931714,0.0977374953358562,0.2586584045801574,0.0515317026834481,0.0928819072893036,0.5226609235700111,0.0802889631463268,0.6906997729243781,0.4810987854093151,0.5884934120312407,0.7222755371641727,0.0983353916553142,0.2486767941488357,0.048302066017573,0.0871614672608844,0.5209420152627152,0.0808509385602763,-0.003727611656994978,-0.002144542140253003,-0.0020739968057081892,-0.001146338628998711,0.0005978963194580023,-0.009981610431321675,-0.003229636665875099,-0.005720440028419191,-0.00171890830729593,0.000561975413949492
hist_gradient_boosting,4,fold_4,2024,0.8368113859454384,0.6424401003373411,0.7224292531687894,0.7852152682165359,0.1250905271123471,0.3066409786815965,0.055488782051282,0.1008225959088592,0.5239466501600656,0.1148060761686868,0.8359445074287079,0.6418778652365712,0.7212182691782029,0.7844079071297942,0.1255375516744883,0.3043693692116062,0.0572516025641025,0.1028686606917899,0.5239366509130414,0.1150296920721654,-0.0008668785167305071,-0.0005622351007699145,-0.0012109839905865005,-0.0008073610867416203,0.000447024562141185,-0.002271609469990332,0.0017628205128204996,0.0020460647829307066,-9.999247024161662e-06,0.00022361590347860782
logistic_regression,1,fold_1,2021,0.8897133658479103,0.8338598104682314,0.8575717076179706,0.9115787604906695,0.0206316353610621,0.1432616642410657,0.0342149963601067,0.0645013723696248,0.5168920889809057,0.0148974618664752,0.8911299303372638,0.8341796953096885,0.8581300645798199,0.9117792418867272,0.0205965625589153,0.1534206355270422,0.0337296772628002,0.0636010066346373,0.5166474711668055,0.0148024105553813,0.0014165644893535667,0.0003198848414570632,0.000558356961849249,0.00020048139605766124,-3.5072802146800947e-05,0.010158971285976481,-0.0004853190973065011,-0.0009003657349875016,-0.0002446178141001232,-9.505131109389942e-05
logistic_regression,1,fold_2,2022,0.9341880221947162,0.8687652263110656,0.8877678871209453,0.9219360249690752,0.0404001869356571,0.2314458574782374,0.0680798004987531,0.1225451688923802,0.5332327996355122,0.0324829425292995,0.9336487331778044,0.8677554814719836,0.889314136942649,0.9220876610074388,0.0404725437858384,0.226615453645345,0.0683291770573566,0.1229526587390621,0.5333551484927448,0.0324028718380446,-0.0005392890169118036,-0.0010097448390820052,0.0015462498217037046,0.0001516360383635451,7.235685018130295e-05,-0.004830403832892405,0.0002493765586034924,0.00040748984668190213,0.00012234885723261257,-8.007069125490207e-05
logistic_regression,1,fold_3,2023,0.9234105562356584,0.8604794674246391,0.8774037315638437,0.9185325901425734,0.0378249519152706,0.216629146045977,0.0552730192719486,0.1006703229737964,0.526920856513043,0.0293379122372938,0.9202651624539314,0.8599558680529583,0.8787296855742498,0.9186915362612031,0.0379304912658976,0.1956463851836563,0.0548715203426124,0.100256755104536,0.5267715446165856,0.0293573774260031,-0.0031453937817269573,-0.000523599371680783,0.0013259540104061385,0.00015894611862976582,0.00010553935062700137,-0.020982760862320704,-0.00040149892933620535,-0.00041356786926040334,-0.00014931189645739362,1.9465188709301418e-05
logistic_regression,1,fold_4,2024,0.962418316878698,0.9058961343225302,0.9151446262761525,0.9336900021267982,0.0476157615754635,0.2661932707835253,0.0738991984187987,0.1313811615422157,0.5356392749816453,0.0433965353967981,0.9608651562295384,0.9058550319570892,0.9155307691908257,0.9338997657254662,0.0477182599763321,0.2487723823925709,0.074228615350829,0.1317867238522273,0.5357729865304448,0.0432927645552094,-0.0015531606491596683,-4.110236544108137e-05,0.0003861429146732043,0.000209763598667978,0.00010249840086859474,-0.017420888390954375,0.0003294169320302992,0.0004055623100115979,0.00013371154879948666,-0.00010377084158870453
logistic_regression,2,fold_1,2021,0.7727822273959067,0.7002587112943649,0.7472769234087526,0.8416512387272101,0.0351895389737355,0.1514316976423595,0.0353105373342637,0.0663693599160545,0.5172391238649017,0.0261247347838758,0.7752669310701804,0.6979545638289272,0.7466701262757308,0.8406134678260484,0.0350054547663912,0.1596491346625207,0.0358688066992323,0.0673744920697339,0.5175162384269868,0.0259500474030478,0.0024847036742736694,-0.0023041474654377225,-0.000606797133021808,-0.0010377709011617497,-0.00018408420734430248,0.0082174370201612,0.0005582693649685971,0.0010051321536793945,0.0002771145620851234,-0.00017468738082800084
logistic_regression,2,fold_2,2022,0.8599034077272396,0.7596524783609427,0.7989226323909208,0.8596122658648537,0.0695573978611337,0.2651456968675766,0.0672280902083928,0.1218944099378881,0.5323782797912917,0.0561703200381636,0.858206491180303,0.7484034103802639,0.7988926377714335,0.8563844360026585,0.0697880042250775,0.2581097831326694,0.0669426206109049,0.1214789872434112,0.53225770014756,0.0560783012828723,-0.0016969165469365999,-0.011249067980678817,-2.9994619487272445e-05,-0.003227829862195275,0.00023060636394379996,-0.007035913734907195,-0.000285469597487889,-0.0004154226944768913,-0.00012057964373168861,-9.201875529130099e-05
logistic_regression,2,fold_3,2023,0.8374666957159735,0.7482722711350942,0.7838081732628593,0.8552871094856006,0.0643082831028308,0.235421862338528,0.0547405806053119,0.1001836936555037,0.5262171548501731,0.0504889779874143,0.8304232700903759,0.7418157720344599,0.7835408229588521,0.853155764227614,0.064780239627029,0.2115010034593213,0.0531192093885114,0.0975056689342403,0.5254555886018177,0.0506660158315855,-0.007043425625597677,-0.006456499100634283,-0.00026735030400726334,-0.0021313452579866388,0.0004719565241982082,-0.023920858879206697,-0.0016213712168005046,-0.0026780247212633973,-0.0007615662483553276,0.00017703784417119617
logistic_regression,2,fold_4,2024,0.9185444827533008,0.8316058394160584,0.851412954125698,0.8837925116006613,0.0807420100731158,0.2882462219384445,0.0719354838709677,0.1283600990042019,0.533694483017891,0.0734800597846926,0.915219217206374,0.8311053180396246,0.8528717797811722,0.8845967565273445,0.0811179414342973,0.2700999313475099,0.072516129032258,0.1292845640671727,0.5339668114646239,0.0733875205922074,-0.0033252655469268033,-0.0005005213764337491,0.0014588256554742829,0.0008042449266831841,0.00037593136118151127,-0.01814629059093459,0.0005806451612903052,0.0009244650629708084,0.0002723284467328613,-9.253919248519704e-05
logistic_regression,3,fold_1,2021,0.6502747133354181,0.5544368041912247,0.6394297717670938,0.7683815784416632,0.0473999486700184,0.1380957141079702,0.0289555325749741,0.0549504464723775,0.5139761448638813,0.0360905846656869,0.6550232308129139,0.5546823837590046,0.6382818387339865,0.7683252570196317,0.047074469249682,0.1443699374651999,0.0289555325749741,0.0549936168123342,0.513992796197445,0.0359075087932302,0.004748517477495828,0.00024557956777992995,-0.00114793303310734,-5.632142203149115e-05,-0.00032547942033640115,0.0062742233572297135,0.0,4.3170339956703774e-05,1.6651333563655335e-05,-0.00018307587245670193
logistic_regression,3,fold_2,2022,0.7763310102173895,0.6310170075279222,0.7084135035857968,0.7938599581687028,0.0943592100508648,0.2617359008239824,0.0548176259751212,0.1012411779021659,0.5260319433639394,0.0768872287005064,0.7742522148109411,0.6062027454775064,0.6974488640652124,0.7840907643615329,0.094670763153988,0.255612051140793,0.0549757537423571,0.1015975063315799,0.5261523391687167,0.0768030643595607,-0.002078795406448397,-0.024814262050415814,-0.010964639520584352,-0.009769193807169896,0.0003115531031231966,-0.0061238496831894085,0.00015812776723590077,0.00035632842941400733,0.00012039580477729572,-8.416434094569991e-05
logistic_regression,3,fold_3,2023,0.7445534716851938,0.6182093907167812,0.6915321931265501,0.7890808714919492,0.0861126932162525,0.2236079263549472,0.0454624027657735,0.0844889436204957,0.5214313472201831,0.0683049262650523,0.7341453975189267,0.595385265097708,0.6815280326085762,0.7797817048221309,0.086848472048685,0.1990077678843981,0.0441947565543071,0.0823049683442429,0.520838982877613,0.0687136680830075,-0.0104080741662671,-0.02282412561907321,-0.010004160517973926,-0.009299166669818226,0.0007357788324324904,-0.024600158470549083,-0.0012676462114663972,-0.002183975276252789,-0.0005923643425701508,0.0004087418179551938
logistic_regression,3,fold_4,2024,0.8687126838209814,0.7440595476667621,0.7913950603360775,0.8360326858566772,0.1093914774916342,0.2814862149026654,0.059644547474162,0.1087674490290193,0.5273800227957969,0.0990444517188428,0.8637691441582162,0.7365948828874681,0.7884841296415053,0.8334959630319068,0.1098775272439349,0.2638844864801291,0.0600309089152902,0.1093804998240056,0.5275382233596498,0.0989791228333457,-0.004943539662765284,-0.007464664779293972,-0.002910930694572267,-0.0025367228247704654,0.00048604975230069625,-0.017601728422536322,0.0003863614411281982,0.0006130507949863029,0.00015820056385296155,-6.53288854970957e-05
logistic_regression,4,fold_1,2021,0.5059497886716358,0.3873732146553508,0.4933825467967308,0.6846019418646206,0.0594112405119252,0.0956981133189128,0.0100753534840403,0.0197461212976022,0.5047740213203644,0.0458581302314756,0.5160449474868314,0.4154419374870627,0.5154215567939597,0.6979556730703654,0.0589477122174435,0.1026930808769664,0.0095673524680382,0.0187754423859765,0.504541456212498,0.0457339731409535,0.010095158815195626,0.028068722831711912,0.02203900999722891,0.01335373120574479,-0.0004635282944817007,0.006994967558053594,-0.0005080010160020999,-0.0009706789116257011,-0.0002325651078664004,-0.0001241570905220965
logistic_regression,4,fold_2,2022,0.666890344211674,0.4807807308970099,0.584512233295972,0.716514394959108,0.1197926054439196,0.2296684031262721,0.0227955696745943,0.0441469903558363,0.5107722838949841,0.0972559843531686,0.6642163195138772,0.4574750830564784,0.567905307873139,0.7064114570908333,0.1201434828851766,0.223620063713995,0.0221516270284193,0.0429570429570429,0.5104963451087767,0.0972424652864682,-0.002674024697796873,-0.023305647840531518,-0.01660692542283304,-0.010102937868274653,0.0003508774412569887,-0.006048339412277087,-0.0006439426461750004,-0.0011899473987934048,-0.00027593878620735257,-1.3519066700398708e-05
logistic_regression,4,fold_3,2023,0.6273905351273079,0.4551303296746145,0.5583392128959735,0.7067683830727403,0.1071836055742662,0.1858453830040936,0.0175255283780574,0.0340547275160352,0.5081356855630164,0.0849658229190092,0.6127884788717186,0.427875148655762,0.5368180317242898,0.6942008844996714,0.1083468395270319,0.1581612284804534,0.0165756352410353,0.0322476322476322,0.5076759716736797,0.0857779951199704,-0.014602056255589302,-0.027255181018852492,-0.02152118117168378,-0.012567498573068825,0.0011632339527656993,-0.027684154523640203,-0.0009498931370220988,-0.0018070952684030028,-0.0004597138893366326,0.0008121722009612059
logistic_regression,4,fold_4,2024,0.8029919894150694,0.6333145921633077,0.7105864940768284,0.7771918908741309,0.1382053967535582,0.2510247416339978,0.0277243589743589,0.0532717474980754,0.5127588499885889,0.122354001043506,0.7956049946627544,0.6217347115301445,0.700470204161185,0.7702751029851336,0.1388905990115057,0.23205475363108,0.0279246794871794,0.0536277602523659,0.5128287359599769,0.1223931060048209,-0.007386994752315079,-0.011579880633163175,-0.010116289915643395,-0.0069167878889973,0.0006852022579474926,-0.018969988002917798,0.00020032051282049823,0.0003560127542905009,6.988597138801733e-05,3.910496131490082e-05
