ano_epidemiologico,codigo_uf_ibge,nome_uf_ibge,regiao,casos_provaveis,populacao_uf,unidades_territoriais,unidades_territoriais_com_casos,incidencia_anual_100mil,proporcao_unidades_com_casos,participacao_casos_nacional_ano
2016,11,Rondônia,Norte,7805,1787279,52,52,436.697348315512,1.0,0.005249532720966317
2016,12,Acre,Norte,2194,816687,22,20,268.646372478073,0.9090909090909091,0.0014756534003587574
2016,13,Amazonas,Norte,7506,4001667,62,49,187.57182944008085,0.7903225806451613,0.005048429545621163
2016,14,Roraima,Norte,212,514229,15,14,41.226768618650446,0.9333333333333333,0.00014258820459255085
2016,15,Pará,Norte,10752,8272724,144,139,129.9692821856501,0.9652777777777778,0.007231643281976918
2016,16,Amapá,Norte,1822,782295,16,15,232.90446698496092,0.9375,0.0012254514564510738
2016,17,Tocantins,Norte,7691,1532902,139,126,501.7280948162374,0.9064748201438849,0.005172857931704285
2016,21,Maranhão,Nordeste,23683,6954036,217,182,340.5648173233501,0.8387096774193549,0.0159288511762518
2016,22,Piauí,Nordeste,5192,3212180,224,146,161.63477762765473,0.6517857142857143,0.0034920658407760563
2016,23,Ceará,Nordeste,49568,8963663,184,178,552.9882147510455,0.967391304347826,0.03333873643982811
2016,24,Rio Grande do Norte,Nordeste,56656,3474998,167,165,1630.3894275622604,0.9880239520958084,0.03810602509148849
2016,25,Paraíba,Nordeste,35329,3999415,223,216,883.3541905503679,0.968609865470852,0.023761786226652024
2016,26,Pernambuco,Nordeste,59644,9410336,185,181,633.8137129216215,0.9783783783783784,0.0401157116731986
2016,27,Alagoas,Nordeste,18011,3358963,102,99,536.207156792141,0.9705882352941176,0.012113944117530345
2016,28,Sergipe,Nordeste,3386,2265779,75,72,149.44087662565502,0.96,0.002277375758256496
2016,29,Bahia,Nordeste,66445,15276566,417,389,434.94722570504393,0.9328537170263789,0.04468996817996246
2016,31,Minas Gerais,Sudeste,523240,20997560,853,817,2491.9085836640065,0.9577960140679953,0.35192383099531277
2016,32,Espírito Santo,Sudeste,41626,3973697,78,78,1047.5383503070314,1.0,0.027997059454573214
2016,33,Rio de Janeiro,Sudeste,85308,16635996,92,92,512.7916597238903,1.0,0.05737695545934588
2016,35,São Paulo,Sudeste,198476,44749699,645,624,443.52477097108516,0.9674418604651163,0.13349215327693925
2016,41,Paraná,Sul,61955,11242720,399,363,551.0677131512658,0.9097744360902256,0.04167005762043154
2016,42,Santa Catarina,Sul,5046,6910553,295,167,73.01875841195343,0.5661016949152542,0.003393868303650998
2016,43,Rio Grande do Sul,Sul,3155,11286500,497,211,27.95375005537589,0.4245472837022133,0.002122008422120273
2016,50,Mato Grosso do Sul,Centro-Oeste,45356,2682386,79,79,1690.8826693846447,1.0,0.030505804752357247
2016,51,Mato Grosso,Centro-Oeste,20091,3305531,141,136,607.7994730649932,0.9645390070921985,0.01351292272862707
2016,52,Goiás,Centro-Oeste,128925,6695855,246,240,1925.4449207756143,0.975609756097561,0.08671313338252178
2016,53,Distrito Federal,Centro-Oeste,17725,2977216,1,1,595.3548550054817,1.0,0.011921584558504545
2017,11,Rondônia,Norte,2121,1805788,52,52,117.45564817132465,1.0,0.00878159054022722
2017,12,Acre,Norte,1892,829619,22,21,228.05649340239316,0.9545454545454546,0.007833460302739226
2017,13,Amazonas,Norte,3909,4063614,62,43,96.19516026866725,0.6935483870967742,0.016184458944718625
2017,14,Roraima,Norte,286,522636,15,14,54.72259851981111,0.9333333333333333,0.001184127720181511
2017,15,Pará,Norte,7843,8366628,144,131,93.74146908408024,0.9097222222222222,0.03247242555728529
2017,16,Amapá,Norte,901,797722,16,15,112.94661548760094,0.9375,0.003730416349243152
2017,17,Tocantins,Norte,4874,1550194,139,131,314.4122606589885,0.9424460431654677,0.020179854923652745
2017,21,Maranhão,Nordeste,7157,7000229,217,137,102.23951245023557,0.631336405529954,0.029632175151535226
2017,22,Piauí,Nordeste,5264,3219257,224,130,163.5159914228656,0.5803571428571429,0.021794574542082078
2017,23,Ceará,Nordeste,39144,9020460,184,174,433.9468275453802,0.9456521739130435,0.162068166009738
2017,24,Rio Grande do Norte,Nordeste,7438,3507003,167,140,212.08992407477268,0.8383233532934131,0.03079560133814713
2017,25,Paraíba,Nordeste,3983,4025558,223,149,98.94280494778612,0.6681614349775785,0.016490841641548806
2017,26,Pernambuco,Nordeste,7869,9473266,185,163,83.06533353966837,0.8810810810810811,0.03258007353184724
2017,27,Alagoas,Nordeste,2926,3375823,102,81,86.6751603979237,0.7941176470588235,0.012114537444933921
2017,28,Sergipe,Nordeste,592,2288116,75,53,25.872814140541823,0.7066666666666667,0.0024510615746414495
2017,29,Bahia,Nordeste,9823,15344447,417,289,64.01664393640253,0.6930455635491607,0.04067023285084959
2017,31,Minas Gerais,Sudeste,26142,21119536,853,607,123.78112852479335,0.7116060961313013,0.10823589811533238
2017,32,Espírito Santo,Sudeste,6809,4016356,78,73,169.5317845330444,0.9358974358974359,0.02819134841509059
2017,33,Rio de Janeiro,Sudeste,10900,16718956,92,82,65.19545837670725,0.8913043478260869,0.0451293431817429
2017,35,São Paulo,Sudeste,9380,45094866,645,490,20.800594018840194,0.7596899224806202,0.03883607697658242
2017,41,Paraná,Sul,2190,11320892,399,207,19.344765412478097,0.518796992481203,0.009067271703487794
2017,42,Santa Catarina,Sul,179,7001161,295,60,2.556718807066428,0.2033898305084746,0.0007411149017919247
2017,43,Rio Grande do Sul,Sul,180,11322895,497,89,1.5896994540707126,0.1790744466800805,0.0007452552085058462
2017,50,Mato Grosso do Sul,Centro-Oeste,2390,2713147,79,76,88.08958747904187,0.9620253164556962,0.009895333046272067
2017,51,Mato Grosso,Centro-Oeste,9330,3344544,141,126,278.96179568873964,0.8936170212765957,0.03862906164088636
2017,52,Goiás,Centro-Oeste,64032,6778772,246,227,944.5958648557585,0.9227642276422764,0.265112119505813
2017,53,Distrito Federal,Centro-Oeste,3974,3039444,1,1,130.74759725791952,1.0,0.016453578881123514
2018,11,Rondônia,Norte,543,1757589,52,44,30.894594811414954,0.8461538461538461,0.00202789759677329
2018,12,Acre,Norte,7297,869265,22,20,839.4448183235263,0.9090909090909091,0.027251507852034434
2018,13,Amazonas,Norte,2378,4080611,62,43,58.27558667072161,0.6935483870967742,0.00888092170373275
2018,14,Roraima,Norte,113,576568,15,12,19.598729031094337,0.8,0.000422011838739193
2018,15,Pará,Norte,3786,8513497,144,121,44.470562449249705,0.8402777777777778,0.014139263906783934
2018,16,Amapá,Norte,757,829494,16,15,91.26045516905488,0.9375,0.0028271058577483987
2018,17,Tocantins,Norte,2967,1555229,139,114,190.77576356922359,0.8201438848920863,0.01108061173043527
2018,21,Maranhão,Nordeste,2153,7035055,217,128,30.603882983146544,0.5898617511520737,0.008040632644296304
2018,22,Piauí,Nordeste,1924,3264531,224,99,58.93649041776598,0.4419642857142857,0.007185405112692099
2018,23,Ceará,Nordeste,4147,9075649,184,129,45.69370190495467,0.7010869565217391,0.015487461019924187
2018,24,Rio Grande do Norte,Nordeste,23617,3479010,167,152,678.8425442870242,0.9101796407185628,0.08820047429649133
2018,25,Paraíba,Nordeste,10864,3996496,223,191,271.838130202057,0.8565022421524664,0.04057289040763356
2018,26,Pernambuco,Nordeste,11247,9496294,185,173,118.43567606478908,0.9351351351351351,0.04200324911769649
2018,27,Alagoas,Nordeste,2247,3322820,102,72,67.6232838372226,0.7058823529411765,0.008391686740238642
2018,28,Sergipe,Nordeste,236,2278308,75,48,10.358564338096517,0.64,0.0008813698578977835
2018,29,Bahia,Nordeste,9785,14812617,417,243,66.05854995103161,0.5827338129496403,0.03654323754038056
2018,31,Minas Gerais,Sudeste,29969,21040662,853,595,142.4337314101619,0.6975381008206331,0.11192276809889269
2018,32,Espírito Santo,Sudeste,10482,3972388,78,76,263.87150499900815,0.9743589743589743,0.03914626631561257
2018,33,Rio de Janeiro,Sudeste,14993,17159960,92,87,87.37199853612712,0.9456521739130435,0.05599312830280283
2018,35,São Paulo,Sudeste,19235,45538936,645,520,42.23858018992802,0.8062015503875969,0.07183537803671129
2018,41,Paraná,Sul,1432,11348937,399,197,12.61792183708483,0.49373433583959897,0.005347973036057737
2018,42,Santa Catarina,Sul,186,7075494,295,67,2.6287917140485173,0.2271186440677966,0.0006946389558007955
2018,43,Rio Grande do Sul,Sul,135,11329605,497,71,1.1915684615659592,0.14285714285714285,0.0005041734356618677
2018,50,Mato Grosso do Sul,Centro-Oeste,5646,2748023,79,71,205.45679566728518,0.8987341772151899,0.02108565346479189
2018,51,Mato Grosso,Centro-Oeste,7292,3441998,141,125,211.85369660296143,0.8865248226950354,0.027232834761824733
2018,52,Goiás,Centro-Oeste,91805,6921161,246,235,1326.4393069313082,0.9552845528455285,0.3428566093402797
2018,53,Distrito Federal,Centro-Oeste,2529,2974703,1,1,85.01689076186766,1.0,0.009444849028065654
2019,11,Rondônia,Norte,1002,1777225,52,42,56.38003066578514,0.8076923076923077,0.0006458807376705751
2019,12,Acre,Norte,10153,881935,22,22,1151.2186272230947,1.0,0.006544538053462424
2019,13,Amazonas,Norte,4079,4144597,62,44,98.41728882204951,0.7096774193548387,0.002629288951056163
2019,14,Roraima,Norte,1605,605761,15,15,264.95598098920203,1.0,0.0010345694450711307
2019,15,Pará,Norte,5446,8602865,144,121,63.30449216627251,0.8402777777777778,0.003510445606141668
2019,16,Amapá,Norte,185,845731,16,12,21.87456768168602,0.75,0.00011924943759386865
2019,17,Tocantins,Norte,13605,1572866,139,133,864.9815050996081,0.9568345323741008,0.008769668099808557
2019,21,Maranhão,Nordeste,5679,7075181,217,179,80.26649777581662,0.8248847926267281,0.0036606354383544866
2019,22,Piauí,Nordeste,7990,3273227,224,170,244.10161592825673,0.7589285714285714,0.005150286520946003
2019,23,Ceará,Nordeste,16276,9132078,184,160,178.2288762754764,0.8695652173913043,0.010491372142042195
2019,24,Rio Grande do Norte,Nordeste,31809,3506853,167,160,907.0525625111745,0.9580838323353293,0.020503812759045233
2019,25,Paraíba,Nordeste,18992,4018127,223,208,472.65803196364874,0.9327354260089686,0.0122420828042311
2019,26,Pernambuco,Nordeste,37895,9557071,185,184,396.512697247933,0.9945945945945946,0.024426796960106228
2019,27,Alagoas,Nordeste,21020,3337357,102,99,629.8397204734165,0.9705882352941176,0.013549314476881723
2019,28,Sergipe,Nordeste,5971,2298696,75,74,259.75596599115323,0.9866666666666667,0.0038488561722864307
2019,29,Bahia,Nordeste,67861,14873064,417,388,456.26778718897464,0.9304556354916067,0.0437426274840947
2019,31,Minas Gerais,Sudeste,477300,21168791,853,797,2254.7343398118483,0.9343493552168816,0.3076635489921811
2019,32,Espírito Santo,Sudeste,64590,4018650,78,78,1607.2561681161585,1.0,0.04163416850912419
2019,33,Rio de Janeiro,Sudeste,32120,17264943,92,90,186.04173787309927,0.9782608695652174,0.020704280732513843
2019,35,São Paulo,Sudeste,442958,45919049,645,635,964.6497687702548,0.9844961240310077,0.28552698582543173
2019,41,Paraná,Sul,45592,11433957,399,330,398.7420977707018,0.8270676691729323,0.029388218155565724
2019,42,Santa Catarina,Sul,2105,7164788,295,110,29.37979462895483,0.3728813559322034,0.0013568652223518568
2019,43,Rio Grande do Sul,Sul,1671,11377239,497,170,14.68721892895104,0.3420523138832998,0.0010771124876721866
2019,50,Mato Grosso do Sul,Centro-Oeste,65394,2778986,79,79,2353.1604693222635,1.0,0.042152420118991604
2019,51,Mato Grosso,Centro-Oeste,11261,3484466,141,132,323.17720993690284,0.9361702127659575,0.007258745495916512
2019,52,Goiás,Centro-Oeste,120243,7018354,246,245,1713.2649621264475,0.9959349593495935,0.0775076222951327
2019,53,Distrito Federal,Centro-Oeste,38568,3015268,1,1,1279.0902831854414,1.0,0.024860607076326088
2020,11,Rondônia,Norte,3937,1796460,52,49,219.15322356189395,0.9423076923076923,0.004150641836614207
2020,12,Acre,Norte,7675,894470,22,20,858.050018446678,0.9090909090909091,0.008091484911357387
2020,13,Amazonas,Norte,5983,4207714,62,44,142.19122307267082,0.7096774193548387,0.006307668302886156
2020,14,Roraima,Norte,488,631181,15,12,77.31538180014924,0.8,0.0005144813858947759
2020,15,Pará,Norte,3532,8690745,144,120,40.64093469547202,0.8333333333333334,0.0037236644569269436
2020,16,Amapá,Norte,61,861773,16,8,7.078430166644812,0.5,6.431017323684699e-05
2020,17,Tocantins,Norte,1901,1590248,139,115,119.54110302292472,0.8273381294964028,0.0020041580216925594
2020,21,Maranhão,Nordeste,2563,7114598,217,130,36.02452310025106,0.5990783410138248,0.002702081541082604
2020,22,Piauí,Nordeste,2212,3281480,224,119,67.40860831088412,0.53125,0.002332034478686976
2020,23,Ceará,Nordeste,24057,9187103,184,169,261.85621299772083,0.9184782608695652,0.02536245635342341
2020,24,Rio Grande do Norte,Nordeste,6881,3534165,167,150,194.69945517540918,0.8982035928143712,0.007254398394143346
2020,25,Paraíba,Nordeste,6687,4039277,223,173,165.5494287715351,0.7757847533632287,0.007049870957947472
2020,26,Pernambuco,Nordeste,20066,9616621,185,180,208.65956971788736,0.972972972972973,0.021154884199517568
2020,27,Alagoas,Nordeste,2329,3351543,102,82,69.49038099764795,0.803921568627451,0.0024553834994855187
2020,28,Sergipe,Nordeste,1845,2318822,75,55,79.56626252467848,0.7333333333333333,0.0019451191741308637
2020,29,Bahia,Nordeste,82954,14930634,417,404,555.5959646455736,0.9688249400479616,0.08745551001130172
2020,31,Minas Gerais,Sudeste,81944,21292666,853,721,384.8461249521314,0.8452520515826495,0.08639070222492114
2020,32,Espírito Santo,Sudeste,7294,4064052,78,31,179.4760500111711,0.3974358974358974,0.007689809894910852
2020,33,Rio de Janeiro,Sudeste,4441,17366189,92,78,25.572680338789354,0.8478260869565217,0.004681991464669467
2020,35,São Paulo,Sudeste,205567,46289333,645,621,444.0915145612489,0.9627906976744186,0.21672212101276925
2020,41,Paraná,Sul,263366,11516840,399,364,2286.7904737757926,0.9122807017543859,0.27765759155238434
2020,42,Santa Catarina,Sul,11807,7252502,295,133,162.79898992099555,0.45084745762711864,0.012447708449302498
2020,43,Rio Grande do Sul,Sul,3992,11422973,497,159,34.94711928321988,0.3199195171026157,0.0042086264190408715
2020,50,Mato Grosso do Sul,Centro-Oeste,52064,2809394,79,79,1853.2110483613192,1.0,0.05488925999021642
2020,51,Mato Grosso,Centro-Oeste,34867,3526220,141,138,988.7925313792106,0.9787234042553191,0.03675906246310072
2020,52,Goiás,Centro-Oeste,62839,7113540,246,238,883.3717108500128,0.967479674796748,0.06624896682016768
2020,53,Distrito Federal,Centro-Oeste,47176,3055149,1,1,1544.1472739954745,1.0,0.049736012010188416
2021,11,Rondônia,Norte,2320,1815278,52,52,127.80411595358949,1.0,0.004296455424274973
2021,12,Acre,Norte,14940,906876,22,22,1647.4137588821404,1.0,0.02766769139597763
2021,13,Amazonas,Norte,8326,4269995,62,56,194.9885187219189,0.9032258064516129,0.01541908959591096
2021,14,Roraima,Norte,116,652713,15,10,17.771976351014917,0.6666666666666666,0.00021482277121374866
2021,15,Pará,Norte,5137,8777124,144,115,58.52714397107754,0.7986111111111112,0.00951331530797437
2021,16,Amapá,Norte,280,877613,16,12,31.904723380351022,0.75,0.0005185377236193933
2021,17,Tocantins,Norte,9572,1607363,139,122,595.5095395377398,0.8776978417266187,0.01772658246601726
2021,21,Maranhão,Nordeste,1368,7153262,217,118,19.12414224447532,0.543778801843318,0.002533427163969036
2021,22,Piauí,Nordeste,3997,3289290,224,118,121.51558543029043,0.5267857142857143,0.007402126004666839
2021,23,Ceará,Nordeste,35451,9240580,184,171,383.64474957199656,0.9293478260869565,0.06565243157153969
2021,24,Rio Grande do Norte,Nordeste,3841,3560903,167,130,107.8658980601269,0.7784431137724551,0.007113226415793178
2021,25,Paraíba,Nordeste,16099,4059905,223,181,396.5363721564913,0.8116591928251121,0.029814067187673616
2021,26,Pernambuco,Nordeste,36431,9674793,185,172,376.5558601615559,0.9297297297297298,0.06746731360420756
2021,27,Alagoas,Nordeste,7618,3365351,102,84,226.36568964128855,0.8235294117647058,0.014107929923330494
2021,28,Sergipe,Nordeste,764,2338474,75,51,32.670878530186776,0.68,0.0014148672173043446
2021,29,Bahia,Nordeste,25098,14985284,417,329,167.48431327694556,0.7889688249400479,0.04647949924071262
2021,31,Minas Gerais,Sudeste,22285,21411923,853,569,104.0775272730058,0.6670574443141852,0.04127004703877921
2021,32,Espírito Santo,Sudeste,8737,4108508,78,65,212.65627327487252,0.8333333333333334,0.016180228897366568
2021,33,Rio de Janeiro,Sudeste,2851,17463349,92,73,16.325620017099812,0.7934782608695652,0.005279825178710323
2021,35,São Paulo,Sudeste,157900,46649132,645,609,338.4843259248639,0.9441860465116279,0.29241823771250786
2021,41,Paraná,Sul,34713,11597484,399,301,299.31492037410874,0.7543859649122807,0.06428571428571428
2021,42,Santa Catarina,Sul,18874,7338473,295,107,257.19247042266153,0.36271186440677966,0.03495314641283011
2021,43,Rio Grande do Sul,Sul,10878,11466630,497,190,94.86658242221124,0.3822937625754527,0.020145190562613432
2021,50,Mato Grosso do Sul,Centro-Oeste,9934,2839188,79,78,349.88877101481125,0.9873417721518988,0.018396977665839476
2021,51,Mato Grosso,Centro-Oeste,22361,3567234,141,134,626.8442159948015,0.950354609929078,0.04141079299233305
2021,52,Goiás,Centro-Oeste,63763,7206589,246,239,884.7875187554057,0.9715447154471545,0.11808400311122634
2021,53,Distrito Federal,Centro-Oeste,16326,3094325,1,1,527.611029869196,1.0,0.030234453127893624
2022,11,Rondônia,Norte,14267,1581196,52,51,902.2916830045104,0.9807692307692307,0.01015517841496079
2022,12,Acre,Norte,3404,830018,22,20,410.1115879414663,0.9090909090909091,0.002422949977186972
2022,13,Amazonas,Norte,5440,3941613,62,45,138.01456408835674,0.7258064516129032,0.0038721644758804726
2022,14,Roraima,Norte,60,636707,15,10,9.423486784345075,0.6666666666666666,4.270769642515227e-05
2022,15,Pará,Norte,6125,8120131,144,125,75.42981757314014,0.8680555555555556,0.004359744010067628
2022,16,Amapá,Norte,293,733759,16,8,39.93136711099966,0.5,0.00020855591754282693
2022,17,Tocantins,Norte,20707,1511460,139,135,1369.9998676776097,0.9712230215827338,0.014739137831260468
2022,21,Maranhão,Nordeste,7195,6776699,217,185,106.17263655948125,0.8525345622119815,0.005121364596316177
2022,22,Piauí,Nordeste,31602,3271199,224,207,966.0677934910105,0.9241071428571429,0.0224941437071277
2022,23,Ceará,Nordeste,42774,8794957,184,180,486.3468917471683,0.9782608695652174,0.030446316781491053
2022,24,Rio Grande do Norte,Nordeste,42112,3302729,167,166,1275.0667705403623,0.9940119760479041,0.02997510853093354
2022,25,Paraíba,Nordeste,28894,3974687,223,217,726.9503233839545,0.9730941704035875,0.020566603008472496
2022,26,Pernambuco,Nordeste,16094,9056843,185,184,177.69988946479475,0.9945945945945946,0.011455627771106678
2022,27,Alagoas,Nordeste,33647,3127683,102,98,1075.7803779986655,0.9607843137254902,0.023949764360284974
2022,28,Sergipe,Nordeste,5203,2210004,75,68,235.42943813676357,0.9066666666666666,0.0037034690750011212
2022,29,Bahia,Nordeste,35935,14141626,417,361,254.10797881375169,0.8657074340527577,0.025578351183964114
2022,31,Minas Gerais,Sudeste,89346,20539989,853,741,434.98562730486367,0.8686987104337632,0.06359603074669425
2022,32,Espírito Santo,Sudeste,11241,3833712,78,73,293.21451376629227,0.9358974358974359,0.008001286925252277
2022,33,Rio de Janeiro,Sudeste,11094,16055174,92,90,69.09921997731074,0.9782608695652174,0.007896653069010655
2022,35,São Paulo,Sudeste,350404,44411238,645,628,788.9984962815042,0.9736434108527132,0.24941579430265093
2022,41,Paraná,Sul,156241,11444380,399,378,1365.2203090075654,0.9473684210526315,0.11121155328603693
2022,42,Santa Catarina,Sul,85166,7610361,295,228,1119.0796336730937,0.7728813559322034,0.06062072789574197
2022,43,Rio Grande do Sul,Sul,67290,10882965,497,355,618.3057650189999,0.7142857142857143,0.04789668154080827
2022,50,Mato Grosso do Sul,Centro-Oeste,26373,2757013,79,79,956.57873212785,1.0,0.01877216796367568
2022,51,Mato Grosso,Centro-Oeste,35354,3658649,141,138,966.3129750899853,0.9787234042553191,0.025164798323580557
2022,52,Goiás,Centro-Oeste,208405,7056495,246,246,2953.378412370447,1.0,0.14834162455806432
2022,53,Distrito Federal,Centro-Oeste,70233,2817381,1,1,2492.84708032034,1.0,0.04999149405046199
2023,11,Rondônia,Norte,10726,1581196,52,52,678.3472763654853,1.0,0.006516617191572506
2023,12,Acre,Norte,7148,830018,22,22,861.1861429511166,1.0,0.004342791318791747
2023,13,Amazonas,Norte,6352,3941613,62,48,161.1522998325812,0.7741935483870968,0.003859178855199381
2023,14,Roraima,Norte,234,636707,15,13,36.75159845894579,0.8666666666666667,0.00014216748301584622
2023,15,Pará,Norte,5879,8120131,144,131,72.40030979795769,0.9097222222222222,0.0035718061224365807
2023,16,Amapá,Norte,1230,733759,16,14,167.62997114856512,0.875,0.000747290615852525
2023,17,Tocantins,Norte,3245,1511460,139,122,214.6930782157649,0.8776978417266187,0.0019715106084889785
2023,21,Maranhão,Nordeste,5001,6776699,217,177,73.79699172119051,0.815668202764977,0.0030383742844540466
2023,22,Piauí,Nordeste,7578,3271199,224,155,231.65817793414584,0.6919642857142857,0.0046040392576670195
2023,23,Ceará,Nordeste,14463,8794957,184,172,164.44651179079102,0.9347826086956522,0.008787044046402494
2023,24,Rio Grande do Norte,Nordeste,7678,3302729,167,149,232.47441736818251,0.8922155688622755,0.004664794592289176
2023,25,Paraíba,Nordeste,7230,3974687,223,166,181.90111573565414,0.7443946188340808,0.0043926106931819146
2023,26,Pernambuco,Nordeste,7960,9056843,185,171,87.88934510623625,0.9243243243243243,0.004836124635923657
2023,27,Alagoas,Nordeste,4765,3127683,102,86,152.34919907164505,0.8431372549019608,0.002894991694745757
2023,28,Sergipe,Nordeste,2882,2210004,75,68,130.40700378822845,0.9066666666666666,0.0017509687438105504
2023,29,Bahia,Nordeste,47692,14141626,417,394,337.24551900891737,0.9448441247002398,0.028975434187998878
2023,31,Minas Gerais,Sudeste,406525,20539989,853,824,1979.1880122233756,0.9660023446658851,0.2469856240727217
2023,32,Espírito Santo,Sudeste,136925,3833712,78,78,3571.6037094074877,1.0,0.08318924193138778
2023,33,Rio de Janeiro,Sudeste,49951,16055174,92,92,311.1208885060978,1.0,0.030347897197113394
2023,35,São Paulo,Sudeste,336877,44411238,645,634,758.5399893603507,0.9829457364341085,0.20467074861508214
2023,41,Paraná,Sul,209568,11444380,399,382,1831.1870105676323,0.9573934837092731,0.12732373966096094
2023,42,Santa Catarina,Sul,141441,7610361,295,227,1858.5320722630636,0.7694915254237288,0.08593295284292438
2023,43,Rio Grande do Sul,Sul,38705,10882965,497,349,355.64756479507196,0.7022132796780685,0.023515352265505673
2023,50,Mato Grosso do Sul,Centro-Oeste,45238,2757013,79,79,1640.8337574033926,1.0,0.027484498276371158
2023,51,Mato Grosso,Centro-Oeste,28606,3658649,141,140,781.873308972793,0.9929078014184397,0.017379671022014088
2023,52,Goiás,Centro-Oeste,71206,7056495,246,246,1009.0845384287809,1.0,0.04326144357105276
2023,53,Distrito Federal,Centro-Oeste,40841,2817381,1,1,1449.6086968713141,1.0,0.024813086213034935
2024,11,Rondônia,Norte,5247,1746227,52,52,300.4763985438319,1.0,0.0007992512902721659
2024,12,Acre,Norte,6263,880631,22,22,711.1945866089202,1.0,0.000954013880498299
2024,13,Amazonas,Norte,8687,4281209,62,58,202.90997239331224,0.9354838709677419,0.0013232506115102543
2024,14,Roraima,Norte,705,716793,15,15,98.35475513851279,1.0,0.00010738939577699199
2024,15,Pará,Norte,21054,8664306,144,140,242.99695786367658,0.9722222222222222,0.0032070586364379987
2024,16,Amapá,Norte,10691,802837,16,16,1331.6526268719554,1.0,0.0016285106812082572
2024,17,Tocantins,Norte,4259,1577342,139,132,270.011196050064,0.9496402877697842,0.0006487538108002962
2024,21,Maranhão,Nordeste,11354,7010960,217,216,161.94643814827072,0.9953917050691244,0.001729502410853854
2024,22,Piauí,Nordeste,15100,3375646,224,208,447.32178670393756,0.9285714285714286,0.0023001132996206793
2024,23,Ceará,Nordeste,12553,9233656,184,180,135.94831776275834,0.9782608695652174,0.0019121405463667807
2024,24,Rio Grande do Norte,Nordeste,17477,3446071,167,164,507.1572814373238,0.9820359281437125,0.0026621907375808354
2024,25,Paraíba,Nordeste,14580,4145040,223,220,351.7457008858781,0.9865470852017937,0.002220904099898643
2024,26,Pernambuco,Nordeste,22230,9539029,185,185,233.04258745832513,1.0,0.0033861932881170662
2024,27,Alagoas,Nordeste,17902,3220104,102,102,555.9447769388815,1.0,0.0027269290258151923
2024,28,Sergipe,Nordeste,1916,2291077,75,70,83.62879117550392,0.9333333333333333,0.00029185543589888886
2024,29,Bahia,Nordeste,232421,14850513,417,417,1565.07051305231,1.0,0.03540361809345284
2024,31,Minas Gerais,Sudeste,1658506,21322691,853,853,7778.127066607119,1.0,0.2526325634503771
2024,32,Espírito Santo,Sudeste,138123,4102129,78,78,3367.10522755379,1.0,0.02103963902539782
2024,33,Rio de Janeiro,Sudeste,302201,17219679,92,92,1754.9746426748143,1.0,0.04603288339461384
2024,35,São Paulo,Sudeste,2181868,45973194,645,645,4745.956959179299,1.0,0.3323538811136935
2024,41,Paraná,Sul,647802,11824665,399,398,5478.396216721573,0.9974937343358395,0.09867668845833612
2024,42,Santa Catarina,Sul,334892,8058441,295,282,4155.791424172492,0.9559322033898305,0.051012552525600566
2024,43,Rio Grande do Sul,Sul,224767,11229915,497,474,2001.5022375503288,0.9537223340040242,0.03423771960369809
2024,50,Mato Grosso do Sul,Centro-Oeste,18887,2901895,79,79,650.8505648894946,1.0,0.0028769695291348193
2024,51,Mato Grosso,Centro-Oeste,42960,3836399,141,140,1119.8001042123096,0.9929078014184397,0.006543898500112873
2024,52,Goiás,Centro-Oeste,334552,7350483,246,246,4551.428797264071,1.0,0.05096076189501308
2024,53,Distrito Federal,Centro-Oeste,277897,2982818,1,1,9316.59256448097,1.0,0.04233076725991311
2025,11,Rondônia,Norte,2604,1751950,52,52,148.6343788350124,1.0,0.0015847088979822348
2025,12,Acre,Norte,8632,884372,22,22,976.0598481182128,1.0,0.005253151769348176
2025,13,Amazonas,Norte,5014,4321616,62,51,116.02141421172081,0.8225806451612904,0.0030513557659304627
2025,14,Roraima,Norte,472,738772,15,15,63.889806327256586,1.0,0.00028724370193840813
2025,15,Pará,Norte,17080,8711196,144,138,196.0695178939838,0.9583333333333334,0.010394327180313582
2025,16,Amapá,Norte,2414,806517,16,16,299.31173180478527,1.0,0.001469081136608723
2025,17,Tocantins,Norte,3018,1586859,139,126,190.18702984953296,0.9064748201438849,0.0018366557043434655
2025,21,Maranhão,Nordeste,5759,7018211,217,204,82.05794895593763,0.9400921658986175,0.0035047383039476534
2025,22,Piauí,Nordeste,9375,3384547,224,179,276.99423290620575,0.7991071428571429,0.005705317173035119
2025,23,Ceará,Nordeste,5529,9268836,184,171,59.65150316609335,0.9293478260869565,0.003364767855969192
2025,24,Rio Grande do Norte,Nordeste,9574,3455236,167,157,277.08671708676343,0.9401197604790419,0.005826422038894745
2025,25,Paraíba,Nordeste,7865,4164468,223,178,188.85965746405063,0.7982062780269058,0.0047863807536982625
2025,26,Pernambuco,Nordeste,21318,9562007,185,180,222.94482737776704,0.972972972972973,0.012973434826108018
2025,27,Alagoas,Nordeste,8156,3220848,102,95,253.22523757718463,0.9313725490196079,0.004963473798749273
2025,28,Sergipe,Nordeste,732,2299425,75,63,31.83404546788871,0.84,0.0004454711648705821
2025,29,Bahia,Nordeste,32736,14870907,417,405,220.13452172083385,0.9712230215827338,0.01992205471749095
2025,31,Minas Gerais,Sudeste,162399,21393441,853,842,759.1064943689985,0.9871043376318874,0.09883069904893123
2025,32,Espírito Santo,Sudeste,34075,4126854,78,78,825.6894961634214,1.0,0.020736926151591648
2025,33,Rio de Janeiro,Sudeste,29647,17223547,92,92,172.13063023545615,1.0,0.0180421907444237
2025,35,São Paulo,Sudeste,893487,46081801,645,645,1938.9151044682476,1.0,0.5437468506649205
2025,41,Paraná,Sul,107473,11890517,399,393,903.8547272587055,0.9849624060150376,0.06540453893734435
2025,42,Santa Catarina,Sul,25162,8187029,295,232,307.3398176554645,0.7864406779661017,0.015312767008843698
2025,43,Rio Grande do Sul,Sul,85606,11233263,497,363,762.0759880722102,0.7303822937625755,0.0520970007375834
2025,50,Mato Grosso do Sul,Centro-Oeste,13135,2924631,79,79,449.11648683201406,1.0,0.007993529713900405
2025,51,Mato Grosso,Centro-Oeste,35462,3893659,142,142,910.7628582780362,1.0,0.02158100880961828
2025,52,Goiás,Centro-Oeste,105673,7423629,246,246,1423.4682255807772,1.0,0.06430911804012161
2025,53,Distrito Federal,Centro-Oeste,10807,2996899,1,1,360.60607981783835,1.0,0.006576785353492324
