dimensao,grupo,horizonte,subconjunto,threshold,observacoes,municipios,positivos,negativos,prevalencia,average_precision,roc_auc,brier_score,precision,recall,f1,balanced_accuracy,alertas,proporcao_alertas,tn,fp,fn,tp
quartil_epidemiologico,Q1,1,geral,0.187687,72436,1393,8615,63821,0.11893257496272572,0.8939482891172927,0.9579756318053041,0.028044576805969994,0.7477687626774848,0.8558328496807893,0.7981596752368065,0.9084322425179616,9860,0.13612016124578938,61334,2487,1242,7373
quartil_epidemiologico,Q1,1,early_warning,0.187687,63867,1393,1751,62116,0.02741634960151565,0.19420603178230214,0.8147885991313613,0.024230906045927297,0.25289403383793413,0.32438606510565393,0.2842131598699025,0.6486860456251433,2246,0.03516683107081905,60438,1678,1183,568
quartil_epidemiologico,Q2,1,geral,0.187687,72384,1392,8790,63594,0.12143567639257294,0.9195254051201545,0.9762941329351017,0.0260284565851341,0.734885467517837,0.8905574516496019,0.805266947844872,0.9230753733072679,10652,0.14715959328028294,60770,2824,962,7828
quartil_epidemiologico,Q2,1,early_warning,0.187687,63613,1391,1567,62046,0.024633329665319982,0.2498593984927001,0.8908604946150149,0.020889284276081003,0.25824175824175827,0.419910657306956,0.31980558930741193,0.694724693318404,2548,0.040054705799129106,60156,1890,909,658
quartil_epidemiologico,Q3,1,geral,0.187687,72384,1392,9776,62608,0.13505747126436782,0.932121818254701,0.9808618432389746,0.02744028271326794,0.7421823020625415,0.912847790507365,0.8187155963302752,0.9316666757290211,12024,0.16611405835543766,59508,3100,852,8924
quartil_epidemiologico,Q3,1,early_warning,0.187687,62555,1391,1633,60922,0.026105027575733356,0.3054608825704226,0.9137298085655108,0.02098568316066642,0.2993882691615689,0.5094917330067361,0.37715321849501365,0.7387664173716915,2779,0.04442490608264727,58975,1947,801,832
quartil_epidemiologico,Q4,1,geral,0.187687,72384,1392,9401,62983,0.12987676834659592,0.9380077344557503,0.9851702815453367,0.025496371868950565,0.7296890672016049,0.9286246144027231,0.817224432483033,0.9386387127393638,11964,0.16528514588859416,59749,3234,671,8730
quartil_epidemiologico,Q4,1,early_warning,0.187687,62832,1392,1435,61397,0.02283868092691622,0.308460955987384,0.9326134492605644,0.018419976689754074,0.2790373212417161,0.5574912891986062,0.3719200371920037,0.7619125745795954,2867,0.04562961548255666,59330,2067,635,800
quartil_epidemiologico,Q1,2,geral,0.190783,71043,1393,8494,62549,0.11956139239615445,0.7733778672042231,0.906907505824593,0.04860208153812678,0.633211307707952,0.7331057216858959,0.6795067656045395,0.837719466224329,9834,0.13842320847937165,58942,3607,2267,6227
quartil_epidemiologico,Q1,2,early_warning,0.190783,62634,1393,2995,59639,0.047817479324328636,0.21459141270073484,0.7716389968010366,0.04156917593752497,0.3013986013986014,0.28781302170283807,0.2944491887275833,0.6271557269683894,2860,0.045662100456621,57641,1998,2133,862
quartil_epidemiologico,Q2,2,geral,0.190783,70992,1392,8621,62371,0.12143621816542709,0.8184868769996883,0.9416509044346223,0.04455457113255363,0.6150075750824348,0.8004871824614314,0.6955952020965629,0.8656121118572889,11221,0.15806006310570206,58051,4320,1720,6901
quartil_epidemiologico,Q2,2,early_warning,0.190783,62409,1391,2627,59782,0.04209328782707622,0.2628002057333646,0.8477078219879648,0.03526887233434409,0.2890774705721325,0.40197944423296533,0.33630573248407647,0.6792691373250739,3653,0.058533224374689545,57185,2597,1571,1056
quartil_epidemiologico,Q3,2,geral,0.190783,70992,1392,9536,61456,0.1343249943655623,0.8397759380887898,0.9499497927133222,0.04664350643873843,0.6217228464419475,0.8355704697986577,0.712956335003579,0.8783423814757412,12816,0.18052738336713997,56608,4848,1568,7968
quartil_epidemiologico,Q3,2,early_warning,0.190783,61358,1391,2716,58642,0.04426480654519378,0.3057997487462755,0.8693031300632041,0.035690694678253296,0.31087957354010176,0.4723858615611193,0.3749817331579716,0.711944098885331,4127,0.06726099286156655,55798,2844,1433,1283
quartil_epidemiologico,Q4,2,geral,0.190783,70992,1392,9086,61906,0.12798625197205318,0.8517728772493127,0.9601616563733678,0.043433315161408005,0.5995879120879121,0.864736957957297,0.7081568273997295,0.8899897111693893,13104,0.1845841784989858,56659,5247,1229,7857
quartil_epidemiologico,Q4,2,early_warning,0.190783,61605,1392,2336,59269,0.037919000081162245,0.30258862201440745,0.8925952441526757,0.031154972389783365,0.275489534098582,0.523972602739726,0.36111520873285147,0.7348304526125025,4443,0.07212076941806672,56050,3219,1112,1224
quartil_epidemiologico,Q1,3,geral,0.167991,69650,1393,8359,61291,0.12001435750179469,0.6353211179333672,0.8471803720102932,0.06704937343694034,0.44209225700164745,0.6420624476612035,0.5236352992828918,0.7657784134669268,12140,0.17430007178750898,54518,6773,2992,5367
quartil_epidemiologico,Q1,3,early_warning,0.167991,61417,1393,4010,57407,0.06529136883924647,0.20726954118789334,0.7309183492572416,0.05687810489573384,0.24154051647373107,0.27057356608478805,0.2552340625735121,0.6056127014843958,4492,0.07313935880945015,54000,3407,2925,1085
quartil_epidemiologico,Q2,3,geral,0.167991,69600,1392,8429,61171,0.12110632183908046,0.6987720660619936,0.8969069102818393,0.061304355253144545,0.4764345830145371,0.7387590461501957,0.5792827573375505,0.8134461559566921,13070,0.18778735632183907,54328,6843,2202,6227
quartil_epidemiologico,Q2,3,early_warning,0.167991,61217,1391,3456,57761,0.05645490631687276,0.24064016604947439,0.801902669392939,0.04816563509422046,0.259556949617722,0.38310185185185186,0.3094542479841066,0.6588558548572118,5101,0.08332652694512963,53984,3777,2132,1324
quartil_epidemiologico,Q3,3,geral,0.167991,69600,1392,9288,60312,0.13344827586206898,0.7265702480303129,0.9090071216595894,0.06420579866245518,0.48181029303784795,0.7771317829457365,0.5948329144175697,0.824208881259312,14981,0.21524425287356322,52549,7763,2070,7218
quartil_epidemiologico,Q3,3,early_warning,0.167991,60189,1391,3548,56641,0.05894764824137301,0.266230878876604,0.8225404507277954,0.049447020379190534,0.2601419878296146,0.43376550169109357,0.32523245984784444,0.6782446618287569,5916,0.09829038528634801,52264,4377,2009,1539
quartil_epidemiologico,Q4,3,geral,0.167991,69600,1392,8773,60827,0.12604885057471266,0.7465653283015036,0.9266190146565481,0.05937388383394324,0.47075888442012265,0.8138607089935028,0.5964912280701754,0.8409481426500386,15167,0.21791666666666668,52800,8027,1633,7140
quartil_epidemiologico,Q4,3,early_warning,0.167991,60424,1392,3065,57359,0.05072487753210645,0.2673119007705639,0.8527219040309555,0.043128178775537776,0.2384529327153588,0.4867862969004894,0.32010298219266253,0.701856510782224,6257,0.1035515689130147,52594,4765,1573,1492
quartil_epidemiologico,Q1,4,geral,0.157138,68257,1393,8205,60052,0.1202074512504212,0.4533593436275395,0.7779946715284292,0.08640214125675533,0.2988442487616951,0.5956124314442414,0.39799657952602,0.7023389540155996,16353,0.23957982331482486,48586,11466,3318,4887
quartil_epidemiologico,Q1,4,early_warning,0.157138,60203,1393,4847,55356,0.08051093799312327,0.163402818813411,0.6898120383884148,0.07186108220454532,0.18317535545023697,0.3189601815556014,0.23270866260254386,0.5972104181135909,8440,0.14019234921847748,48462,6894,3301,1546
quartil_epidemiologico,Q2,4,geral,0.157138,68208,1392,8220,59988,0.12051372273047149,0.5391861111150188,0.8403569815747416,0.07869272074054512,0.345994599459946,0.7014598540145985,0.46341169379144065,0.7598867583735724,16665,0.244326178747361,49089,10899,2454,5766
quartil_epidemiologico,Q2,4,early_warning,0.157138,60027,1391,4134,55893,0.06886900894597431,0.18773902094292208,0.7513714564210137,0.060880661832735765,0.1973929236499069,0.41025641025641024,0.26654093980826654,0.6434389059315258,8592,0.14313558898495676,48997,6896,2438,1696
quartil_epidemiologico,Q3,4,geral,0.157138,68208,1392,9013,59195,0.13213992493549143,0.5784779941942358,0.8557635339113318,0.08235940021529854,0.35975544352676175,0.7442582935759459,0.4850500741169239,0.7712929275126963,18646,0.2733696927046681,47257,11938,2305,6708
quartil_epidemiologico,Q3,4,early_warning,0.157138,59041,1391,4221,54820,0.07149269151945259,0.19775282134984706,0.7702235832702162,0.06303735960608961,0.2016947379432995,0.45676380004738215,0.2798258345428157,0.6587813892611956,9559,0.16190443928795245,47189,7631,2293,1928
quartil_epidemiologico,Q4,4,geral,0.157138,68208,1392,8451,59757,0.12390042223786066,0.6051682294472459,0.8794789983723911,0.0758467630912526,0.3555877305877306,0.7846408709028517,0.4893907524262888,0.7917715457815964,18648,0.2733990147783251,47740,12017,1820,6631
quartil_epidemiologico,Q4,4,early_warning,0.157138,59276,1392,3666,55610,0.061846278426344554,0.2002381227773894,0.801114058795212,0.055556495430753396,0.19005728314238954,0.5068194217130387,0.27644695729802116,0.6822174792435001,9776,0.16492340913691883,47692,7918,1808,1858
