ano_epidemiologico,semana_epidemiologica,data_inicio_semana,data_fim_semana,casos_provaveis,unidades_territoriais,unidades_territoriais_com_casos,populacao_nacional,incidencia_nacional_100mil,proporcao_unidades_com_casos
2016,1,2016-01-03,2016-01-09,42676,5570,1975,206081432,20.708318835827967,0.35457809694793535
2016,2,2016-01-10,2016-01-16,48755,5570,2090,206081432,23.658123648907875,0.3752244165170557
2016,3,2016-01-17,2016-01-23,55657,5570,2204,206081432,27.00728515900452,0.3956912028725314
2016,4,2016-01-24,2016-01-30,62278,5570,2355,206081432,30.220092802926565,0.4228007181328546
2016,5,2016-01-31,2016-02-06,70986,5570,2513,206081432,34.44560691911341,0.45116696588868943
2016,6,2016-02-07,2016-02-13,84258,5570,2733,206081432,40.88577955921813,0.49066427289048475
2016,7,2016-02-14,2016-02-20,103891,5570,2911,206081432,50.41259612365271,0.5226211849192101
2016,8,2016-02-21,2016-02-27,104500,5570,2914,206081432,50.70811037454359,0.5231597845601437
2016,9,2016-02-28,2016-03-05,101243,5570,2968,206081432,49.12766716411404,0.5328545780969479
2016,10,2016-03-06,2016-03-12,95218,5570,2907,206081432,46.20406558510327,0.521903052064632
2016,11,2016-03-13,2016-03-19,88171,5570,2809,206081432,42.784543539080225,0.5043087971274686
2016,12,2016-03-20,2016-03-26,78629,5570,2712,206081432,38.15433503004773,0.48689407540394974
2016,13,2016-03-27,2016-04-02,81865,5570,2757,206081432,39.724588093894845,0.4949730700179533
2016,14,2016-04-03,2016-04-09,79462,5570,2713,206081432,38.55854417781802,0.48707360861759424
2016,15,2016-04-10,2016-04-16,70993,5570,2555,206081432,34.449003634640896,0.45870736086175945
2016,16,2016-04-17,2016-04-23,58667,5570,2340,206081432,28.467872835821524,0.42010771992818674
2016,17,2016-04-24,2016-04-30,49314,5570,2134,206081432,23.92937564603103,0.3831238779174147
2016,18,2016-05-01,2016-05-07,36734,5570,1975,206081432,17.82499259807162,0.35457809694793535
2016,19,2016-05-08,2016-05-14,26811,5570,1750,206081432,13.009905715329076,0.3141831238779174
2016,20,2016-05-15,2016-05-21,21174,5570,1576,206081432,10.274579225555847,0.2829443447037702
2016,21,2016-05-22,2016-05-28,14586,5570,1346,206081432,7.077784669120505,0.24165170556552962
2016,22,2016-05-29,2016-06-04,11813,5570,1237,206081432,5.732200075162521,0.22208258527827648
2016,23,2016-06-05,2016-06-11,9402,5570,1060,206081432,4.56227419848286,0.19030520646319568
2016,24,2016-06-12,2016-06-18,7492,5570,900,206081432,3.635456104555795,0.1615798922800718
2016,25,2016-06-19,2016-06-25,5926,5570,784,206081432,2.875562316550673,0.140754039497307
2016,26,2016-06-26,2016-07-02,5039,5570,742,206081432,2.4451499347112455,0.13321364452423698
2016,27,2016-07-03,2016-07-09,4520,5570,694,206081432,2.1933077406022683,0.12459605026929982
2016,28,2016-07-10,2016-07-16,4074,5570,657,206081432,1.9768884369941684,0.11795332136445243
2016,29,2016-07-17,2016-07-23,3408,5570,538,206081432,1.653715216808082,0.09658886894075404
2016,30,2016-07-24,2016-07-30,3016,5570,541,206081432,1.4634991472691243,0.09712746858168761
2016,31,2016-07-31,2016-08-06,2783,5570,543,206081432,1.3504370447115293,0.09748653500897667
2016,32,2016-08-07,2016-08-13,2559,5570,494,206081432,1.241742147832125,0.08868940754039498
2016,33,2016-08-14,2016-08-20,2665,5570,493,206081432,1.2931781258197004,0.08850987432675045
2016,34,2016-08-21,2016-08-27,2316,5570,453,206081432,1.1238275945209852,0.08132854578096949
2016,35,2016-08-28,2016-09-03,1990,5570,430,206081432,0.9656376999554234,0.07719928186714542
2016,36,2016-09-04,2016-09-10,1882,5570,423,206081432,0.913231231817139,0.07594254937163375
2016,37,2016-09-11,2016-09-17,2042,5570,441,206081432,0.9908704438738567,0.07917414721723519
2016,38,2016-09-18,2016-09-24,2002,5570,417,206081432,0.9714606408596772,0.07486535008976661
2016,39,2016-09-25,2016-10-01,1816,5570,439,206081432,0.8812050568437433,0.07881508078994615
2016,40,2016-10-02,2016-10-08,1851,5570,445,206081432,0.8981886344811502,0.07989228007181329
2016,41,2016-10-09,2016-10-15,2014,5570,454,206081432,0.9772835817639312,0.081508078994614
2016,42,2016-10-16,2016-10-22,2273,5570,501,206081432,1.1029620562807425,0.08994614003590665
2016,43,2016-10-23,2016-10-29,2196,5570,477,206081432,1.065598185478447,0.08563734290843807
2016,44,2016-10-30,2016-11-05,2346,5570,527,206081432,1.1383849467816198,0.09461400359066427
2016,45,2016-11-06,2016-11-12,2502,5570,516,206081432,1.2140831785369193,0.0926391382405745
2016,46,2016-11-13,2016-11-19,2861,5570,586,206081432,1.3882861605891792,0.1052064631956912
2016,47,2016-11-20,2016-11-26,3107,5570,607,206081432,1.5076564491263822,0.10897666068222621
2016,48,2016-11-27,2016-12-03,3460,5570,615,206081432,1.6789479607265152,0.11041292639138241
2016,49,2016-12-04,2016-12-10,3559,5570,625,206081432,1.726987223186609,0.11220825852782765
2016,50,2016-12-11,2016-12-17,3354,5570,578,206081432,1.6275119827389397,0.10377019748653502
2016,51,2016-12-18,2016-12-24,3236,5570,576,206081432,1.5702530638471108,0.10341113105924596
2016,52,2016-12-25,2016-12-31,3427,5570,627,206081432,1.6629348732398173,0.11256732495511669
2017,1,2017-01-01,2017-01-07,4986,5570,783,207660929,2.4010294204163944,0.14057450628366247
2017,2,2017-01-08,2017-01-14,5401,5570,840,207660929,2.6008744283331215,0.15080789946140036
2017,3,2017-01-15,2017-01-21,6361,5570,878,207660929,3.0631664948392867,0.1576301615798923
2017,4,2017-01-22,2017-01-28,6973,5570,901,207660929,3.3578776872369667,0.16175942549371633
2017,5,2017-01-29,2017-02-04,7610,5570,892,207660929,3.6646277355332453,0.16014362657091563
2017,6,2017-02-05,2017-02-11,7395,5570,896,207660929,3.5610935748053016,0.16086175942549372
2017,7,2017-02-12,2017-02-18,8203,5570,968,207660929,3.9501893974479905,0.17378815080789947
2017,8,2017-02-19,2017-02-25,7116,5570,875,207660929,3.4267399429769476,0.1570915619389587
2017,9,2017-02-26,2017-03-04,7813,5570,950,207660929,3.762383245429861,0.17055655296229802
2017,10,2017-03-05,2017-03-11,9039,5570,993,207660929,4.352768738697109,0.17827648114901257
2017,11,2017-03-12,2017-03-18,8924,5570,994,207660929,4.297390001563558,0.1784560143626571
2017,12,2017-03-19,2017-03-25,9319,5570,958,207660929,4.487603924761408,0.17199281867145422
2017,13,2017-03-26,2017-04-01,8860,5570,933,207660929,4.266570530463148,0.16750448833034112
2017,14,2017-04-02,2017-04-08,9630,5570,932,207660929,4.637367292139968,0.1673249551166966
2017,15,2017-04-09,2017-04-15,9619,5570,843,207660929,4.632070195544584,0.15134649910233394
2017,16,2017-04-16,2017-04-22,9708,5570,876,207660929,4.674928522543593,0.15727109515260324
2017,17,2017-04-23,2017-04-29,9035,5570,809,207660929,4.350842521753333,0.14524236983842012
2017,18,2017-04-30,2017-05-06,8763,5570,864,207660929,4.219859769576587,0.15511669658886895
2017,19,2017-05-07,2017-05-13,8423,5570,877,207660929,4.056131329355654,0.15745062836624776
2017,20,2017-05-14,2017-05-20,7877,5570,793,207660929,3.7932027165302724,0.14236983842010772
2017,21,2017-05-21,2017-05-27,6615,5570,757,207660929,3.185481270769043,0.13590664272890485
2017,22,2017-05-28,2017-06-03,6631,5570,765,207660929,3.193186138544146,0.13734290843806105
2017,23,2017-06-04,2017-06-10,5619,5570,689,207660929,2.705853251768897,0.1236983842010772
2017,24,2017-06-11,2017-06-17,4555,5570,629,207660929,2.193479544724564,0.11292639138240575
2017,25,2017-06-18,2017-06-24,4080,5570,617,207660929,1.964741282651201,0.11077199281867145
2017,26,2017-06-25,2017-07-01,3479,5570,576,207660929,1.6753271868489041,0.10341113105924596
2017,27,2017-07-02,2017-07-08,2697,5570,511,207660929,1.2987517743407573,0.09174147217235189
2017,28,2017-07-09,2017-07-15,2446,5570,504,207660929,1.1778816611188327,0.09048473967684022
2017,29,2017-07-16,2017-07-22,2060,5570,460,207660929,0.9920017260444789,0.08258527827648116
2017,30,2017-07-23,2017-07-29,1854,5570,424,207660929,0.8928015534400311,0.07612208258527828
2017,31,2017-07-30,2017-08-05,1972,5570,453,207660929,0.9496249532814138,0.08132854578096949
2017,32,2017-08-06,2017-08-12,1906,5570,453,207660929,0.917842373709115,0.08132854578096949
2017,33,2017-08-13,2017-08-19,1836,5570,457,207660929,0.8841335771930405,0.08204667863554757
2017,34,2017-08-20,2017-08-26,1717,5570,462,207660929,0.8268286231157138,0.0829443447037702
2017,35,2017-08-27,2017-09-02,1633,5570,453,207660929,0.7863780672964243,0.08132854578096949
2017,36,2017-09-03,2017-09-09,1456,5570,412,207660929,0.7011429675343502,0.07396768402154398
2017,37,2017-09-10,2017-09-16,1742,5570,475,207660929,0.8388674790143118,0.08527827648114901
2017,38,2017-09-17,2017-09-23,1666,5570,474,207660929,0.8022693570825739,0.0850987432675045
2017,39,2017-09-24,2017-09-30,1562,5570,480,207660929,0.7521877165444059,0.08617594254937164
2017,40,2017-10-01,2017-10-07,1717,5570,493,207660929,0.8268286231157138,0.08850987432675045
2017,41,2017-10-08,2017-10-14,1729,5570,515,207660929,0.8326072739470408,0.09245960502692999
2017,42,2017-10-15,2017-10-21,2014,5570,525,207660929,0.9698502311910585,0.09425493716337523
2017,43,2017-10-22,2017-10-28,1627,5570,487,207660929,0.7834887418807609,0.0874326750448833
2017,44,2017-10-29,2017-11-04,1619,5570,488,207660929,0.7796363079932095,0.08761220825852782
2017,45,2017-11-05,2017-11-11,1938,5570,510,207660929,0.9332521092593205,0.09156193895870736
2017,46,2017-11-12,2017-11-18,1995,5570,538,207660929,0.960700700708124,0.09658886894075404
2017,47,2017-11-19,2017-11-25,1864,5570,520,207660929,0.8976170957994702,0.0933572710951526
2017,48,2017-11-26,2017-12-02,1980,5570,578,207660929,0.9534773871689652,0.10377019748653502
2017,49,2017-12-03,2017-12-09,2162,5570,560,207660929,1.041120258110759,0.10053859964093358
2017,50,2017-12-10,2017-12-16,2262,5570,548,207660929,1.0892756817051512,0.09838420107719928
2017,51,2017-12-17,2017-12-23,2043,5570,495,207660929,0.9838153040334323,0.08886894075403949
2017,52,2017-12-24,2017-12-30,1997,5570,464,207660929,0.9616638091800119,0.08330341113105924
2018,1,2017-12-31,2018-01-06,3334,5570,623,208494900,1.5990798815702445,0.1118491921005386
2018,2,2018-01-07,2018-01-13,4025,5570,680,208494900,1.9305028564247857,0.12208258527827648
2018,3,2018-01-14,2018-01-20,4786,5570,731,208494900,2.2954997939997575,0.13123877917414722
2018,4,2018-01-21,2018-01-27,4956,5570,742,208494900,2.3770365606065185,0.13321364452423698
2018,5,2018-01-28,2018-02-03,5762,5570,761,208494900,2.763616759930339,0.13662477558348293
2018,6,2018-02-04,2018-02-10,5214,5570,721,208494900,2.50078059463325,0.12944344703770197
2018,7,2018-02-11,2018-02-17,5800,5570,729,208494900,2.781842625407144,0.13087971274685817
2018,8,2018-02-18,2018-02-24,6427,5570,781,208494900,3.082569405774434,0.14021543985637344
2018,9,2018-02-25,2018-03-03,7568,5570,854,208494900,3.62982499811746,0.1533213644524237
2018,10,2018-03-04,2018-03-10,8485,5570,877,208494900,4.069643909755107,0.15745062836624776
2018,11,2018-03-11,2018-03-17,8859,5570,884,208494900,4.249024796289982,0.15870736086175943
2018,12,2018-03-18,2018-03-24,8852,5570,857,208494900,4.245667400017938,0.15385996409335728
2018,13,2018-03-25,2018-03-31,8657,5570,866,208494900,4.152139932439594,0.15547576301615798
2018,14,2018-04-01,2018-04-07,11071,5570,1002,208494900,5.309962018255603,0.1798922800718133
2018,15,2018-04-08,2018-04-14,11791,5570,1026,208494900,5.655294206237179,0.18420107719928186
2018,16,2018-04-15,2018-04-21,11526,5570,992,208494900,5.528192775938404,0.17809694793536804
2018,17,2018-04-22,2018-04-28,9391,5570,952,208494900,4.504186912965257,0.17091561938958708
2018,18,2018-04-29,2018-05-05,10618,5570,1034,208494900,5.092690516650527,0.18563734290843806
2018,19,2018-05-06,2018-05-12,10294,5570,1016,208494900,4.937291032058818,0.18240574506283663
2018,20,2018-05-13,2018-05-19,8986,5570,1003,208494900,4.309937557225621,0.18007181328545782
2018,21,2018-05-20,2018-05-26,7058,5570,874,208494900,3.385214698297177,0.15691202872531418
2018,22,2018-05-27,2018-06-02,5704,5570,816,208494900,2.7357983336762675,0.1464991023339318
2018,23,2018-06-03,2018-06-09,5546,5570,814,208494900,2.660017103535866,0.14614003590664273
2018,24,2018-06-10,2018-06-16,5320,5570,812,208494900,2.55162116675276,0.14578096947935368
2018,25,2018-06-17,2018-06-23,4461,5570,694,208494900,2.1396206813691845,0.12459605026929982
2018,26,2018-06-24,2018-06-30,3630,5570,674,208494900,1.7410497810737817,0.12100538599640934
2018,27,2018-07-01,2018-07-07,3578,5570,663,208494900,1.71610912305289,0.11903052064631957
2018,28,2018-07-08,2018-07-14,3054,5570,653,208494900,1.4647840306885205,0.11723518850987433
2018,29,2018-07-15,2018-07-21,3002,5570,618,208494900,1.439843372667629,0.11095152603231598
2018,30,2018-07-22,2018-07-28,2551,5570,582,208494900,1.2235311271402802,0.1044883303411131
2018,31,2018-07-29,2018-08-04,2553,5570,575,208494900,1.2244903832180067,0.10323159784560143
2018,32,2018-08-05,2018-08-11,2436,5570,570,208494900,1.1683739026710007,0.10233393177737882
2018,33,2018-08-12,2018-08-18,2246,5570,523,208494900,1.0772445752869735,0.09389587073608617
2018,34,2018-08-19,2018-08-25,2276,5570,539,208494900,1.0916334164528725,0.09676840215439857
2018,35,2018-08-26,2018-09-01,1911,5570,456,208494900,0.9165691822677676,0.08186714542190306
2018,36,2018-09-02,2018-09-08,1663,5570,406,208494900,0.797621428629669,0.07289048473967684
2018,37,2018-09-09,2018-09-15,1814,5570,437,208494900,0.8700452624980275,0.07845601436265709
2018,38,2018-09-16,2018-09-22,1849,5570,429,208494900,0.886832243858243,0.07701974865350089
2018,39,2018-09-23,2018-09-29,1850,5570,440,208494900,0.8873118718971064,0.07899461400359066
2018,40,2018-09-30,2018-10-06,2147,5570,453,208494900,1.0297613994395067,0.08132854578096949
2018,41,2018-10-07,2018-10-13,2064,5570,442,208494900,0.9899522722138527,0.07935368043087972
2018,42,2018-10-14,2018-10-20,2409,5570,493,208494900,1.1554239456216915,0.08850987432675045
2018,43,2018-10-21,2018-10-27,2404,5570,476,208494900,1.153025805427375,0.08545780969479354
2018,44,2018-10-28,2018-11-03,2575,5570,505,208494900,1.2350422000729993,0.09066427289048475
2018,45,2018-11-04,2018-11-10,3060,5570,551,208494900,1.4676617989217002,0.09892280071813285
2018,46,2018-11-11,2018-11-17,3040,5570,508,208494900,1.4580692381444342,0.09120287253141832
2018,47,2018-11-18,2018-11-24,3897,5570,589,208494900,1.8691104674502832,0.10574506283662477
2018,48,2018-11-25,2018-12-01,4411,5570,620,208494900,2.1156392794260195,0.11131059245960502
2018,49,2018-12-02,2018-12-08,5143,5570,633,208494900,2.466727003873956,0.11364452423698385
2018,50,2018-12-09,2018-12-15,6091,5570,685,208494900,2.921414384716365,0.1229802513464991
2018,51,2018-12-16,2018-12-22,5481,5570,651,208494900,2.6288412810097515,0.11687612208258528
2018,52,2018-12-23,2018-12-29,6139,5570,651,208494900,2.9444365305818034,0.11687612208258528
2019,1,2018-12-30,2019-01-05,9350,5570,883,210147125,4.449263819336096,0.1585278276481149
2019,2,2019-01-06,2019-01-12,11730,5570,1018,210147125,5.581803700621648,0.18276481149012566
2019,3,2019-01-13,2019-01-19,14596,5570,1032,210147125,6.9456101290940815,0.185278276481149
2019,4,2019-01-20,2019-01-26,19405,5570,1201,210147125,9.234006889221064,0.2156193895870736
2019,5,2019-01-27,2019-02-02,23887,5570,1298,210147125,11.366798379944527,0.23303411131059246
2019,6,2019-02-03,2019-02-09,28309,5570,1398,210147125,13.471038445089363,0.25098743267504486
2019,7,2019-02-10,2019-02-16,32095,5570,1521,210147125,15.272633399100748,0.27307001795332136
2019,8,2019-02-17,2019-02-23,34504,5570,1606,210147125,16.418973136082638,0.2883303411131059
2019,9,2019-02-24,2019-03-02,34471,5570,1604,210147125,16.403269852014393,0.2879712746858169
2019,10,2019-03-03,2019-03-09,38093,5570,1706,210147125,18.12682424277753,0.30628366247755834
2019,11,2019-03-10,2019-03-16,48463,5570,1936,210147125,23.061462296950292,0.34757630161579894
2019,12,2019-03-17,2019-03-23,58066,5570,2046,210147125,27.631117960809597,0.3673249551166966
2019,13,2019-03-24,2019-03-30,65057,5570,2129,210147125,30.957834897812663,0.3822262118491921
2019,14,2019-03-31,2019-04-06,74569,5570,2263,210147125,35.484187566211055,0.40628366247755837
2019,15,2019-04-07,2019-04-13,81745,5570,2309,210147125,38.89893806541488,0.41454219030520645
2019,16,2019-04-14,2019-04-20,84188,5570,2418,210147125,40.06145694355799,0.4341113105924596
2019,17,2019-04-21,2019-04-27,96149,5570,2534,210147125,45.75318363265736,0.45493716337522444
2019,18,2019-04-28,2019-05-04,98939,5570,2639,210147125,47.08082492206353,0.4737881508078995
2019,19,2019-05-05,2019-05-11,103636,5570,2648,210147125,49.315925687777074,0.47540394973070016
2019,20,2019-05-12,2019-05-18,98213,5570,2658,210147125,46.735352672562136,0.47719928186714544
2019,21,2019-05-19,2019-05-25,83142,5570,2569,210147125,39.56371042430392,0.4612208258527828
2019,22,2019-05-26,2019-06-01,68140,5570,2514,210147125,32.42490231546113,0.45134649910233393
2019,23,2019-06-02,2019-06-08,53073,5570,2381,210147125,25.255163495574823,0.4274685816876122
2019,24,2019-06-09,2019-06-15,40450,5570,2261,210147125,19.24841941092461,0.4059245960502693
2019,25,2019-06-16,2019-06-22,30019,5570,2049,210147125,14.284754074080244,0.36786355475763016
2019,26,2019-06-23,2019-06-29,25878,5570,1977,210147125,12.31422985206198,0.3549371633752244
2019,27,2019-06-30,2019-07-06,20212,5570,1885,210147125,9.618023563253601,0.3384201077199282
2019,28,2019-07-07,2019-07-13,15595,5570,1712,210147125,7.420991364978226,0.3073608617594255
2019,29,2019-07-14,2019-07-20,12304,5570,1510,210147125,5.8549456719905155,0.2710951526032316
2019,30,2019-07-21,2019-07-27,10502,5570,1439,210147125,4.997451190445742,0.2583482944344704
2019,31,2019-07-28,2019-08-03,9217,5570,1318,210147125,4.3859748259701385,0.23662477558348294
2019,32,2019-08-04,2019-08-10,8049,5570,1193,210147125,3.8301737413728594,0.2141831238779174
2019,33,2019-08-11,2019-08-17,6892,5570,1116,210147125,3.2796070847983283,0.20035906642728904
2019,34,2019-08-18,2019-08-24,6267,5570,1087,210147125,2.9821964016876272,0.19515260323159783
2019,35,2019-08-25,2019-08-31,5678,5570,1025,210147125,2.701916573924102,0.18402154398563733
2019,36,2019-09-01,2019-09-07,5484,5570,1000,210147125,2.6096002978865402,0.17953321364452424
2019,37,2019-09-08,2019-09-14,5369,5570,972,210147125,2.554876732194171,0.17450628366247756
2019,38,2019-09-15,2019-09-21,5148,5570,953,210147125,2.4497123146462267,0.1710951526032316
2019,39,2019-09-22,2019-09-28,4455,5570,850,210147125,2.1199433492130813,0.1526032315978456
2019,40,2019-09-29,2019-10-05,4672,5570,897,210147125,2.2232043383891167,0.16104129263913824
2019,41,2019-10-06,2019-10-12,4538,5570,853,210147125,2.1594394879301824,0.15314183123877917
2019,42,2019-10-13,2019-10-19,4505,5570,831,210147125,2.143736203861937,0.14919210053859963
2019,43,2019-10-20,2019-10-26,4518,5570,832,210147125,2.14992234607064,0.14937163375224416
2019,44,2019-10-27,2019-11-02,4762,5570,831,210147125,2.2660314767570577,0.14919210053859963
2019,45,2019-11-03,2019-11-09,5422,5570,896,210147125,2.5800971581219585,0.16086175942549372
2019,46,2019-11-10,2019-11-16,5491,5570,855,210147125,2.61293129753738,0.15350089766606823
2019,47,2019-11-17,2019-11-23,6259,5570,917,210147125,2.97838954494381,0.16463195691202873
2019,48,2019-11-24,2019-11-30,6648,5570,888,210147125,3.1634979541119113,0.15942549371633752
2019,49,2019-12-01,2019-12-07,7801,5570,956,210147125,3.7121611823145333,0.17163375224416516
2019,50,2019-12-08,2019-12-14,8527,5570,993,210147125,4.057633431815924,0.17827648114901257
2019,51,2019-12-15,2019-12-21,8153,5570,912,210147125,3.8796628790424803,0.1637342908438061
2019,52,2019-12-22,2019-12-28,8735,5570,899,210147125,4.156611707155166,0.1614003590664273
2020,1,2019-12-29,2020-01-04,13007,5570,1174,211755692,6.142455901492367,0.21077199281867146
2020,2,2020-01-05,2020-01-11,19180,5570,1372,211755692,9.057607764328715,0.24631956912028724
2020,3,2020-01-12,2020-01-18,25603,5570,1470,211755692,12.090820208034833,0.2639138240574506
2020,4,2020-01-19,2020-01-25,33455,5570,1618,211755692,15.798866931992555,0.29048473967684024
2020,5,2020-01-26,2020-02-01,37312,5570,1708,211755692,17.620305573651358,0.3066427289048474
2020,6,2020-02-02,2020-02-08,48132,5570,1867,211755692,22.72996751369498,0.33518850987432675
2020,7,2020-02-09,2020-02-15,54690,5570,1939,211755692,25.826932671070775,0.3481149012567325
2020,8,2020-02-16,2020-02-22,48622,5570,1915,211755692,22.961366252199728,0.34380610412926393
2020,9,2020-02-23,2020-02-29,52575,5570,2021,211755692,24.82814015691252,0.3628366247755835
2020,10,2020-03-01,2020-03-07,58859,5570,2143,211755692,27.79571091765505,0.3847396768402154
2020,11,2020-03-08,2020-03-14,54770,5570,2193,211755692,25.8647120569491,0.3937163375224417
2020,12,2020-03-15,2020-03-21,41615,5570,2012,211755692,19.65236429158183,0.36122082585278276
2020,13,2020-03-22,2020-03-28,39255,5570,1959,211755692,18.537872408171207,0.35170556552962295
2020,14,2020-03-29,2020-04-04,39679,5570,1997,211755692,18.738103153326332,0.3585278276481149
2020,15,2020-04-05,2020-04-11,40011,5570,2032,211755692,18.89488760472139,0.36481149012567327
2020,16,2020-04-12,2020-04-18,39291,5570,2114,211755692,18.55487313181645,0.37953321364452425
2020,17,2020-04-19,2020-04-25,35185,5570,2161,211755692,16.615846151611358,0.3879712746858169
2020,18,2020-04-26,2020-05-02,32333,5570,2092,211755692,15.269011045049028,0.3755834829443447
2020,19,2020-05-03,2020-05-09,30229,5570,2120,211755692,14.275413196449048,0.38061041292639136
2020,20,2020-05-10,2020-05-16,25719,5570,2006,211755692,12.145600317558406,0.36014362657091564
2020,21,2020-05-17,2020-05-23,20699,5570,1939,211755692,9.774943853693435,0.3481149012567325
2020,22,2020-05-24,2020-05-30,17020,5570,1767,211755692,8.037564345613907,0.3172351885098743
2020,23,2020-05-31,2020-06-06,14669,5570,1671,211755692,6.927322643114594,0.3
2020,24,2020-06-07,2020-06-13,12870,5570,1581,211755692,6.077758703175734,0.28384201077199284
2020,25,2020-06-14,2020-06-20,12420,5570,1565,211755692,5.865249657610148,0.28096947935368044
2020,26,2020-06-21,2020-06-27,9795,5570,1432,211755692,4.625613558477569,0.2570915619389587
2020,27,2020-06-28,2020-07-04,9226,5570,1299,211755692,4.356907676417973,0.23321364452423698
2020,28,2020-07-05,2020-07-11,7866,5570,1231,211755692,3.714658116486427,0.22100538599640934
2020,29,2020-07-12,2020-07-18,6646,5570,1126,211755692,3.138522481841952,0.2021543985637343
2020,30,2020-07-19,2020-07-25,5580,5570,1028,211755692,2.635112165013255,0.18456014362657092
2020,31,2020-07-26,2020-08-01,4656,5570,914,211755692,2.198760258118587,0.16409335727109514
2020,32,2020-08-02,2020-08-08,3876,5570,854,211755692,1.830411245804906,0.1533213644524237
2020,33,2020-08-09,2020-08-15,3745,5570,822,211755692,1.768547501429147,0.14757630161579893
2020,34,2020-08-16,2020-08-22,3051,5570,766,211755692,1.440811328934667,0.13752244165170557
2020,35,2020-08-23,2020-08-29,2752,5570,679,211755692,1.2996108742144226,0.12190305206463195
2020,36,2020-08-30,2020-09-05,2662,5570,637,211755692,1.2571090651013055,0.11436265709156195
2020,37,2020-09-06,2020-09-12,2555,5570,651,211755692,1.2065791364890441,0.11687612208258528
2020,38,2020-09-13,2020-09-19,2463,5570,642,211755692,1.163132842728969,0.11526032315978456
2020,39,2020-09-20,2020-09-26,2379,5570,654,211755692,1.1234644875567263,0.11741472172351886
2020,40,2020-09-27,2020-10-03,2273,5570,633,211755692,1.073406801267944,0.11364452423698385
2020,41,2020-10-04,2020-10-10,2173,5570,599,211755692,1.0261825689200363,0.10754039497307002
2020,42,2020-10-11,2020-10-17,2008,5570,548,211755692,0.9482625855459884,0.09838420107719928
2020,43,2020-10-18,2020-10-24,2086,5570,596,211755692,0.9850974867773565,0.10700179533213644
2020,44,2020-10-25,2020-10-31,1782,5570,500,211755692,0.8415358204397169,0.08976660682226212
2020,45,2020-11-01,2020-11-07,2281,5570,591,211755692,1.0771847398557768,0.10610412926391383
2020,46,2020-11-08,2020-11-14,2317,5570,577,211755692,1.0941854635010237,0.10359066427289049
2020,47,2020-11-15,2020-11-21,2859,5570,640,211755692,1.350140802826684,0.11490125673249552
2020,48,2020-11-22,2020-11-28,2870,5570,642,211755692,1.3553354683849537,0.11526032315978456
2020,49,2020-11-29,2020-12-05,3207,5570,646,211755692,1.5144811313974031,0.11597845601436266
2020,50,2020-12-06,2020-12-12,3410,5570,641,211755692,1.6103463230636559,0.11508078994614003
2020,51,2020-12-13,2020-12-19,3081,5570,571,211755692,1.4549785986390391,0.10251346499102335
2020,52,2020-12-20,2020-12-26,2388,5570,461,211755692,1.1277146684680381,0.08276481149012567
2020,53,2020-12-27,2021-01-02,1341,5570,319,211755692,0.6332769557854435,0.05727109515260323
2021,1,2021-01-03,2021-01-09,5523,5570,842,213317639,2.5890967225640447,0.15116696588868941
2021,2,2021-01-10,2021-01-16,5988,5570,875,213317639,2.807081509091707,0.1570915619389587
2021,3,2021-01-17,2021-01-23,7261,5570,887,213317639,3.4038441612416306,0.159245960502693
2021,4,2021-01-24,2021-01-30,8072,5570,912,213317639,3.7840283803253607,0.1637342908438061
2021,5,2021-01-31,2021-02-06,10214,5570,1007,213317639,4.788164751814078,0.1807899461400359
2021,6,2021-02-07,2021-02-13,11670,5570,968,213317639,5.470714965113598,0.17378815080789947
2021,7,2021-02-14,2021-02-20,13782,5570,1069,213317639,6.460787801987626,0.1919210053859964
2021,8,2021-02-21,2021-02-27,14458,5570,1131,213317639,6.7776861153052606,0.2030520646319569
2021,9,2021-02-28,2021-03-06,17018,5570,1230,213317639,7.977774402425295,0.22082585278276481
2021,10,2021-03-07,2021-03-13,17226,5570,1230,213317639,8.075281575753799,0.22082585278276481
2021,11,2021-03-14,2021-03-20,18885,5570,1291,213317639,8.852995039946041,0.2317773788150808
2021,12,2021-03-21,2021-03-27,18635,5570,1255,213317639,8.735798918156974,0.2253141831238779
2021,13,2021-03-28,2021-04-03,23941,5570,1326,213317639,11.22316940700811,0.23806104129263914
2021,14,2021-04-04,2021-04-10,27113,5570,1453,213317639,12.710153800267777,0.2608617594254937
2021,15,2021-04-11,2021-04-17,24987,5570,1425,213317639,11.713517980573561,0.25583482944344704
2021,16,2021-04-18,2021-04-24,26318,5570,1449,213317639,12.337470132978549,0.2601436265709156
2021,17,2021-04-25,2021-05-01,24623,5570,1469,213317639,11.542880427248681,0.2637342908438061
2021,18,2021-05-02,2021-05-08,22246,5570,1440,213317639,10.428579701278244,0.2585278276481149
2021,19,2021-05-09,2021-05-15,20701,5570,1456,213317639,9.704307668621816,0.2614003590664273
2021,20,2021-05-16,2021-05-22,17695,5570,1454,213317639,8.295141500230086,0.2610412926391382
2021,21,2021-05-23,2021-05-29,15360,5570,1331,213317639,7.20052972272021,0.23895870736086175
2021,22,2021-05-30,2021-06-05,14780,5570,1326,213317639,6.928634720169578,0.23806104129263914
2021,23,2021-06-06,2021-06-12,13581,5570,1256,213317639,6.366562120069217,0.22549371633752244
2021,24,2021-06-13,2021-06-19,11291,5570,1200,213317639,5.293045644481374,0.21543985637342908
2021,25,2021-06-20,2021-06-26,9541,5570,1067,213317639,4.472672791957913,0.19156193895870735
2021,26,2021-06-27,2021-07-03,8758,5570,1042,213317639,4.1056145385145575,0.18707360861759426
2021,27,2021-07-04,2021-07-10,7897,5570,982,213317639,3.7019910950730144,0.1763016157989228
2021,28,2021-07-11,2021-07-17,7041,5570,917,213317639,3.300711574067253,0.16463195691202873
2021,29,2021-07-18,2021-07-24,6086,5570,856,213317639,2.853022388833021,0.15368043087971275
2021,30,2021-07-25,2021-07-31,5158,5570,799,213317639,2.417990384752008,0.14344703770197487
2021,31,2021-08-01,2021-08-07,5088,5570,772,213317639,2.38517547065107,0.13859964093357272
2021,32,2021-08-08,2021-08-14,4431,5570,752,213317639,2.0771840625894047,0.13500897666068223
2021,33,2021-08-15,2021-08-21,4398,5570,763,213317639,2.061714174513248,0.136983842010772
2021,34,2021-08-22,2021-08-28,3623,5570,684,213317639,1.6984061969671436,0.12280071813285458
2021,35,2021-08-29,2021-09-04,3320,5570,604,213317639,1.5563644973587956,0.10843806104129264
2021,36,2021-09-05,2021-09-11,3469,5570,652,213317639,1.6262133859450787,0.1170556552962298
2021,37,2021-09-12,2021-09-18,3286,5570,652,213317639,1.5404258247954827,0.1170556552962298
2021,38,2021-09-19,2021-09-25,3155,5570,608,213317639,1.479015056978012,0.10915619389587074
2021,39,2021-09-26,2021-10-02,3090,5570,639,213317639,1.448544065312855,0.11472172351885099
2021,40,2021-10-03,2021-10-09,2592,5570,573,213317639,1.2150893907090354,0.10287253141831239
2021,41,2021-10-10,2021-10-16,2666,5570,602,213317639,1.249779442758599,0.1080789946140036
2021,42,2021-10-17,2021-10-23,2867,5570,603,213317639,1.3440051246770082,0.10825852782764811
2021,43,2021-10-24,2021-10-30,2824,5570,602,213317639,1.3238473917292888,0.1080789946140036
2021,44,2021-10-31,2021-11-06,3244,5570,691,213317639,1.5207368763349194,0.12405745062836625
2021,45,2021-11-07,2021-11-13,3598,5570,687,213317639,1.6866865847882369,0.12333931777378815
2021,46,2021-11-14,2021-11-20,4607,5570,785,213317639,2.159690132328907,0.14093357271095153
2021,47,2021-11-21,2021-11-27,5458,5570,787,213317639,2.5586257308988873,0.14129263913824058
2021,48,2021-11-28,2021-12-04,7477,5570,873,213317639,3.5051016104673836,0.15673249551166965
2021,49,2021-12-05,2021-12-11,9524,5570,869,213317639,4.464703455676256,0.15601436265709157
2021,50,2021-12-12,2021-12-18,10775,5570,920,213317639,5.051152849108742,0.1651705565529623
2021,51,2021-12-19,2021-12-25,9526,5570,890,213317639,4.465641024650568,0.15978456014362658
2021,52,2021-12-26,2022-01-01,5113,5570,612,213317639,2.3968950828299764,0.10987432675044884
2022,1,2022-01-02,2022-01-08,11658,5570,1111,203078668,5.740632492232025,0.19946140035906643
2022,2,2022-01-09,2022-01-15,11945,5570,1198,203078668,5.881957035487352,0.21508078994614005
2022,3,2022-01-16,2022-01-22,13039,5570,1246,203078668,6.420664527896155,0.2236983842010772
2022,4,2022-01-23,2022-01-29,13781,5570,1266,203078668,6.786040176312365,0.2272890484739677
2022,5,2022-01-30,2022-02-05,17241,5570,1428,203078668,8.489813415557759,0.2563734290843806
2022,6,2022-02-06,2022-02-12,19082,5570,1501,203078668,9.396358656439483,0.26947935368043086
2022,7,2022-02-13,2022-02-19,20865,5570,1552,203078668,10.274343536663338,0.2786355475763016
2022,8,2022-02-20,2022-02-26,21869,5570,1586,203078668,10.768733228051309,0.28473967684021545
2022,9,2022-02-27,2022-03-05,34394,5570,1895,203078668,16.936293870117368,0.3402154398563734
2022,10,2022-03-06,2022-03-12,45318,5570,2099,203078668,22.315490074023923,0.37684021543985635
2022,11,2022-03-13,2022-03-19,55017,5570,2313,203078668,27.0914717640358,0.41526032315978456
2022,12,2022-03-20,2022-03-26,70488,5570,2494,203078668,34.70970175951716,0.4477558348294434
2022,13,2022-03-27,2022-04-02,79104,5570,2694,203078668,38.95239257724499,0.4836624775583483
2022,14,2022-04-03,2022-04-09,84849,5570,2734,203078668,41.781345542408225,0.49084380610412925
2022,15,2022-04-10,2022-04-16,92318,5570,2822,203078668,45.4592306071261,0.5066427289048474
2022,16,2022-04-17,2022-04-23,97738,5570,3003,203078668,48.12814706860299,0.5391382405745063
2022,17,2022-04-24,2022-04-30,97937,5570,3132,203078668,48.22613865086017,0.5622980251346499
2022,18,2022-05-01,2022-05-07,103823,5570,3144,203078668,51.12452283762271,0.5644524236983842
2022,19,2022-05-08,2022-05-14,84415,5570,3064,203078668,41.56763525748554,0.5500897666068223
2022,20,2022-05-15,2022-05-21,63950,5570,2899,203078668,31.490259725359238,0.5204667863554757
2022,21,2022-05-22,2022-05-28,44766,5570,2661,203078668,22.04367422776281,0.477737881508079
2022,22,2022-05-29,2022-06-04,40285,5570,2589,203078668,19.837140156936623,0.46481149012567324
2022,23,2022-06-05,2022-06-11,32335,5570,2324,203078668,15.922401066762957,0.41723518850987434
2022,24,2022-06-12,2022-06-18,25185,5570,2152,203078668,12.401597985663368,0.38635547576301615
2022,25,2022-06-19,2022-06-25,22183,5570,2008,203078668,10.923353111612885,0.36050269299820464
2022,26,2022-06-26,2022-07-02,18265,5570,1876,203078668,8.99405150717258,0.33680430879712747
2022,27,2022-07-03,2022-07-09,15286,5570,1748,203078668,7.5271322933829765,0.31382405745062836
2022,28,2022-07-10,2022-07-16,13473,5570,1656,203078668,6.634374812818843,0.29730700179533215
2022,29,2022-07-17,2022-07-23,11535,5570,1513,203078668,5.680064830836885,0.2716337522441652
2022,30,2022-07-24,2022-07-30,10292,5570,1444,203078668,5.067986756738034,0.259245960502693
2022,31,2022-07-31,2022-08-06,9775,5570,1372,203078668,4.81340561087391,0.24631956912028724
2022,32,2022-08-07,2022-08-13,8313,5570,1236,203078668,4.09348755429103,0.22190305206463196
2022,33,2022-08-14,2022-08-20,7327,5570,1129,203078668,3.6079614231072266,0.20269299820466785
2022,34,2022-08-21,2022-08-27,6367,5570,1060,203078668,3.135238212218331,0.19030520646319568
2022,35,2022-08-28,2022-09-03,5751,5570,973,203078668,2.8319074852312895,0.17468581687612209
2022,36,2022-09-04,2022-09-10,5419,5570,931,203078668,2.6684240414655465,0.16714542190305207
2022,37,2022-09-11,2022-09-17,5294,5570,942,203078668,2.606871540047722,0.16912028725314182
2022,38,2022-09-18,2022-09-24,4968,5570,918,203078668,2.446342616350034,0.16481149012567325
2022,39,2022-09-25,2022-10-01,4809,5570,855,203078668,2.368047834546561,0.15350089766606823
2022,40,2022-10-02,2022-10-08,4909,5570,838,203078668,2.417289835680821,0.1504488330341113
2022,41,2022-10-09,2022-10-15,4757,5570,886,203078668,2.342441993956746,0.15906642728904846
2022,42,2022-10-16,2022-10-22,4855,5570,936,203078668,2.3906991550683205,0.16804308797127468
2022,43,2022-10-23,2022-10-29,4399,5570,841,203078668,2.166155629896095,0.15098743267504489
2022,44,2022-10-30,2022-11-05,4652,5570,872,203078668,2.290737892765773,0.15655296229802512
2022,45,2022-11-06,2022-11-12,5640,5570,938,203078668,2.777248863972261,0.16840215439856374
2022,46,2022-11-13,2022-11-19,6079,5570,1019,203078668,2.9934212489516625,0.1829443447037702
2022,47,2022-11-20,2022-11-26,6412,5570,1011,203078668,3.157397112728748,0.181508078994614
2022,48,2022-11-27,2022-12-03,6604,5570,1014,203078668,3.2519417549065275,0.18204667863554758
2022,49,2022-12-04,2022-12-10,7027,5570,1060,203078668,3.4602354197044467,0.19030520646319568
2022,50,2022-12-11,2022-12-17,7684,5570,1065,203078668,3.7837553671565347,0.19120287253141832
2022,51,2022-12-18,2022-12-24,7021,5570,982,203078668,3.457280899636391,0.1763016157989228
2022,52,2022-12-25,2022-12-31,4401,5570,713,203078668,2.16714046991878,0.12800718132854577
2023,1,2023-01-01,2023-01-07,12760,5570,1314,203078668,6.28327934473157,0.23590664272890485
2023,2,2023-01-08,2023-01-14,14202,5570,1351,203078668,6.993349001087599,0.24254937163375223
2023,3,2023-01-15,2023-01-21,17968,5570,1464,203078668,8.847802763803827,0.2628366247755835
2023,4,2023-01-22,2023-01-28,20606,5570,1554,203078668,10.146806753725606,0.27899461400359066
2023,5,2023-01-29,2023-02-04,27889,5570,1710,203078668,13.733101696333758,0.30700179533213645
2023,6,2023-02-05,2023-02-11,35433,5570,1836,203078668,17.44791826190233,0.3296229802513465
2023,7,2023-02-12,2023-02-18,36859,5570,1838,203078668,18.150109198076873,0.32998204667863557
2023,8,2023-02-19,2023-02-25,41473,5570,2006,203078668,20.42213513041163,0.36014362657091564
2023,9,2023-02-26,2023-03-04,53824,5570,2252,203078668,26.50401469050408,0.4043087971274686
2023,10,2023-03-05,2023-03-11,64567,5570,2357,203078668,31.79408287235762,0.42315978456014364
2023,11,2023-03-12,2023-03-18,73492,5570,2474,203078668,36.18893147359032,0.44416517055655297
2023,12,2023-03-19,2023-03-25,89284,5570,2591,203078668,43.96522829271266,0.4651705565529623
2023,13,2023-03-26,2023-04-01,98735,5570,2671,203078668,48.619089819911565,0.4795332136445242
2023,14,2023-04-02,2023-04-08,98126,5570,2696,203078668,48.31920603300392,0.48402154398563735
2023,15,2023-04-09,2023-04-15,110655,5570,2893,203078668,54.48873635511534,0.5193895870736086
2023,16,2023-04-16,2023-04-22,100864,5570,2779,203078668,49.667452024059955,0.49892280071813283
2023,17,2023-04-23,2023-04-29,86763,5570,2644,203078668,42.72383744411796,0.4746858168761221
2023,18,2023-04-30,2023-05-06,88175,5570,2742,203078668,43.419134500133715,0.4922800718132855
2023,19,2023-05-07,2023-05-13,81827,5570,2672,203078668,40.293252268130885,0.4797127468581688
2023,20,2023-05-14,2023-05-20,68217,5570,2527,203078668,33.59141591375811,0.45368043087971277
2023,21,2023-05-21,2023-05-27,47225,5570,2345,203078668,23.25453503565426,0.42100538599640935
2023,22,2023-05-28,2023-06-03,38682,5570,2176,203078668,19.047790878754434,0.3906642728904847
2023,23,2023-06-04,2023-06-10,29939,5570,2001,203078668,14.742562719586086,0.359245960502693
2023,24,2023-06-11,2023-06-17,26346,5570,1950,203078668,12.973297618832126,0.3500897666068223
2023,25,2023-06-18,2023-06-24,19263,5570,1713,203078668,9.485486678492494,0.30754039497307
2023,26,2023-06-25,2023-07-01,15160,5570,1584,203078668,7.465087371953809,0.2843806104129264
2023,27,2023-07-02,2023-07-08,12763,5570,1469,203078668,6.284756604765597,0.2637342908438061
2023,28,2023-07-09,2023-07-15,10953,5570,1339,203078668,5.393476384235492,0.24039497307001795
2023,29,2023-07-16,2023-07-22,8868,5570,1243,203078668,4.366780660586173,0.22315978456014363
2023,30,2023-07-23,2023-07-29,7473,5570,1151,203078668,3.6798547447632464,0.2066427289048474
2023,31,2023-07-30,2023-08-05,7596,5570,1152,203078668,3.7404224061583857,0.20682226211849192
2023,32,2023-08-06,2023-08-12,6708,5570,1099,203078668,3.3031534360861574,0.19730700179533214
2023,33,2023-08-13,2023-08-19,6419,5570,1060,203078668,3.1608440528081463,0.19030520646319568
2023,34,2023-08-20,2023-08-26,5897,5570,974,203078668,2.9038008068873093,0.1748653500897666
2023,35,2023-08-27,2023-09-02,5539,5570,953,203078668,2.7275144428266587,0.1710951526032316
2023,36,2023-09-03,2023-09-09,5012,5570,899,203078668,2.468009096849109,0.1614003590664273
2023,37,2023-09-10,2023-09-16,5825,5570,968,203078668,2.868346566070642,0.17378815080789947
2023,38,2023-09-17,2023-09-23,6000,5570,1003,203078668,2.954520068055597,0.18007181328545782
2023,39,2023-09-24,2023-09-30,5676,5570,993,203078668,2.794975984380595,0.17827648114901257
2023,40,2023-10-01,2023-10-07,6235,5570,1000,203078668,3.070238770721108,0.17953321364452424
2023,41,2023-10-08,2023-10-14,5631,5570,978,203078668,2.772817083870178,0.1755834829443447
2023,42,2023-10-15,2023-10-21,6788,5570,1096,203078668,3.3425470369935653,0.19676840215439856
2023,43,2023-10-22,2023-10-28,6485,5570,999,203078668,3.1933437735567574,0.1793536804308797
2023,44,2023-10-29,2023-11-04,6838,5570,1023,203078668,3.3671680375606954,0.1836624775583483
2023,45,2023-11-05,2023-11-11,9353,5570,1169,203078668,4.605604366087333,0.20987432675044884
2023,46,2023-11-12,2023-11-18,9147,5570,1097,203078668,4.504165843750758,0.1969479353680431
2023,47,2023-11-19,2023-11-25,12588,5570,1206,203078668,6.198583102780642,0.21651705565529622
2023,48,2023-11-26,2023-12-02,13899,5570,1274,203078668,6.84414573765079,0.2287253141831239
2023,49,2023-12-03,2023-12-09,16261,5570,1291,203078668,8.00724180444201,0.2317773788150808
2023,50,2023-12-10,2023-12-16,21406,5570,1325,203078668,10.540742762799685,0.2378815080789946
2023,51,2023-12-17,2023-12-23,22118,5570,1271,203078668,10.891345810875617,0.2281867145421903
2023,52,2023-12-24,2023-12-30,16134,5570,1080,203078668,7.9447044630015,0.19389587073608616
2024,1,2023-12-31,2024-01-06,51086,5570,1925,212583750,24.030999547237265,0.34560143626570916
2024,2,2024-01-07,2024-01-13,61514,5570,2101,212583750,28.93636037561667,0.3771992818671454
2024,3,2024-01-14,2024-01-20,89814,5570,2327,212583750,42.24876078251513,0.4177737881508079
2024,4,2024-01-21,2024-01-27,127225,5570,2612,212583750,59.847001475888916,0.4689407540394973
2024,5,2024-01-28,2024-02-03,164643,5570,2907,212583750,77.44853498915133,0.521903052064632
2024,6,2024-02-04,2024-02-10,201446,5570,3143,212583750,94.76077075505536,0.5642728904847397
2024,7,2024-02-11,2024-02-17,249439,5570,3518,212583750,117.33681431435846,0.6315978456014363
2024,8,2024-02-18,2024-02-24,310286,5570,3790,212583750,145.95941599487261,0.6804308797127468
2024,9,2024-02-25,2024-03-02,342519,5570,3943,212583750,161.12191077634108,0.7078994614003591
2024,10,2024-03-03,2024-03-09,364790,5570,4039,212583750,171.59825245344481,0.7251346499102334
2024,11,2024-03-10,2024-03-16,392066,5570,4110,212583750,184.4289603509205,0.7378815080789947
2024,12,2024-03-17,2024-03-23,433511,5570,4109,212583750,203.92480610582888,0.73770197486535
2024,13,2024-03-24,2024-03-30,375564,5570,4052,212583750,176.6663726648909,0.7274685816876122
2024,14,2024-03-31,2024-04-06,414962,5570,4210,212583750,195.19930380379498,0.755834829443447
2024,15,2024-04-07,2024-04-13,419145,5570,4199,212583750,197.1669988886733,0.7538599640933573
2024,16,2024-04-14,2024-04-20,383328,5570,4175,212583750,180.31858032422514,0.7495511669658886
2024,17,2024-04-21,2024-04-27,332743,5570,3973,212583750,156.52325260044572,0.7132854578096948
2024,18,2024-04-28,2024-05-04,324278,5570,3910,212583750,152.541292549407,0.7019748653500898
2024,19,2024-05-05,2024-05-11,323492,5570,3834,212583750,152.17155591619775,0.6883303411131059
2024,20,2024-05-12,2024-05-18,285862,5570,3808,212583750,134.4702970005939,0.6836624775583483
2024,21,2024-05-19,2024-05-25,201165,5570,3549,212583750,94.62858755666885,0.6371633752244165
2024,22,2024-05-26,2024-06-01,127480,5570,3216,212583750,59.96695420040337,0.5773788150807899
2024,23,2024-06-02,2024-06-08,87924,5570,3070,212583750,41.359699412584455,0.5511669658886894
2024,24,2024-06-09,2024-06-15,79647,5570,2987,212583750,37.46617509569758,0.5362657091561939
2024,25,2024-06-16,2024-06-22,64108,5570,2745,212583750,30.15658534577549,0.49281867145421904
2024,26,2024-06-23,2024-06-29,44686,5570,2449,212583750,21.020421363345033,0.43967684021543985
2024,27,2024-06-30,2024-07-06,31733,5570,2276,212583750,14.927293360851898,0.40861759425493716
2024,28,2024-07-07,2024-07-13,21885,5570,2014,212583750,10.29476618038773,0.3615798922800718
2024,29,2024-07-14,2024-07-20,17696,5570,1812,212583750,8.324248678462018,0.32531418312387794
2024,30,2024-07-21,2024-07-27,15348,5570,1724,212583750,7.219742807246556,0.3095152603231598
2024,31,2024-07-28,2024-08-03,13598,5570,1642,212583750,6.396537835088524,0.2947935368043088
2024,32,2024-08-04,2024-08-10,11313,5570,1502,212583750,5.321667342870751,0.2696588868940754
2024,33,2024-08-11,2024-08-17,9908,5570,1416,212583750,4.66075135093816,0.2542190305206463
2024,34,2024-08-18,2024-08-24,9162,5570,1354,212583750,4.309830831378221,0.24308797127468582
2024,35,2024-08-25,2024-08-31,7803,5570,1231,212583750,3.670553370142356,0.22100538599640934
2024,36,2024-09-01,2024-09-07,8189,5570,1240,212583750,3.8521288668583558,0.22262118491921004
2024,37,2024-09-08,2024-09-14,8200,5570,1198,212583750,3.8573032981119204,0.21508078994614005
2024,38,2024-09-15,2024-09-21,7730,5570,1194,212583750,3.636213962732335,0.21436265709156194
2024,39,2024-09-22,2024-09-28,7442,5570,1103,212583750,3.5007379444571844,0.19802513464991023
2024,40,2024-09-29,2024-10-05,7216,5570,1093,212583750,3.39442690233849,0.196229802513465
2024,41,2024-10-06,2024-10-12,6869,5570,1072,212583750,3.2311971164305833,0.19245960502693
2024,42,2024-10-13,2024-10-19,7316,5570,1152,212583750,3.4414671864618063,0.20682226211849192
2024,43,2024-10-20,2024-10-26,7780,5570,1148,212583750,3.6597341047939933,0.20610412926391383
2024,44,2024-10-27,2024-11-02,8386,5570,1197,212583750,3.944798226581289,0.21490125673249552
2024,45,2024-11-03,2024-11-09,8905,5570,1208,212583750,4.188937301181299,0.21687612208258528
2024,46,2024-11-10,2024-11-16,9640,5570,1296,212583750,4.534683389487673,0.2326750448833034
2024,47,2024-11-17,2024-11-23,12008,5570,1386,212583750,5.6485973175277975,0.24883303411131058
2024,48,2024-11-24,2024-11-30,13111,5570,1430,212583750,6.167451651407975,0.25673249551166966
2024,49,2024-12-01,2024-12-07,15761,5570,1428,212583750,7.414019180675851,0.2563734290843806
2024,50,2024-12-08,2024-12-14,17827,5570,1489,212583750,8.385871450663561,0.26732495511669657
2024,51,2024-12-15,2024-12-21,17066,5570,1337,212583750,8.027894888485125,0.2400359066427289
2024,52,2024-12-22,2024-12-28,10279,5570,1026,212583750,4.8352708050356625,0.18420107719928186
2025,1,2024-12-29,2025-01-04,29197,5571,1701,213421037,13.680469559334023,0.3053311793214863
2025,2,2025-01-05,2025-01-11,37302,5571,1874,213421037,17.478127050802403,0.3363848501166756
2025,3,2025-01-12,2025-01-18,43096,5571,1972,213421037,20.192948458028532,0.3539759468677078
2025,4,2025-01-19,2025-01-25,51385,5571,2135,213421037,24.076820505749865,0.38323460779034285
2025,5,2025-01-26,2025-02-01,56339,5571,2194,213421037,26.398053721386425,0.3938251660384132
2025,6,2025-02-02,2025-02-08,57343,5571,2336,213421037,26.868485321810148,0.41931430622868426
2025,7,2025-02-09,2025-02-15,64845,5571,2389,213421037,30.383602718601725,0.42882785855322203
2025,8,2025-02-16,2025-02-22,71904,5571,2483,213421037,33.6911492000669,0.44570095135523247
2025,9,2025-02-23,2025-03-01,71245,5571,2353,213421037,33.382369892617476,0.4223658230120266
2025,10,2025-03-02,2025-03-08,79387,5571,2434,213421037,37.19736400681063,0.43690540297971636
2025,11,2025-03-09,2025-03-15,87342,5571,2585,213421037,40.924737892638014,0.4640100520552863
2025,12,2025-03-16,2025-03-22,90182,5571,2656,213421037,42.2554408261075,0.4767546221504218
2025,13,2025-03-23,2025-03-29,86707,5571,2676,213421037,40.627203962091144,0.48034464189553044
2025,14,2025-03-30,2025-04-05,87103,5571,2726,213421037,40.812752680983365,0.48931969125830194
2025,15,2025-04-06,2025-04-12,79541,5571,2610,213421037,37.269521841935386,0.46849757673667203
2025,16,2025-04-13,2025-04-19,67914,5571,2533,213421037,31.821605290016468,0.45467600071800396
2025,17,2025-04-20,2025-04-26,74439,5571,2678,213421037,34.878942135399704,0.4807036438700413
2025,18,2025-04-27,2025-05-03,63443,5571,2609,213421037,29.726685284543905,0.46831807574941664
2025,19,2025-05-04,2025-05-10,61063,5571,2640,213421037,28.611518741706796,0.47388260635433493
2025,20,2025-05-11,2025-05-17,53673,5571,2522,213421037,25.148879770460493,0.4527014898581942
2025,21,2025-05-18,2025-05-24,46288,5571,2460,213421037,21.688583586068884,0.44157242864835755
2025,22,2025-05-25,2025-05-31,33004,5571,2262,213421037,15.464267470502453,0.40603123317178247
2025,23,2025-06-01,2025-06-07,25375,5571,2047,213421037,11.889643287601494,0.367438520911865
2025,24,2025-06-08,2025-06-14,18347,5571,1850,213421037,8.596622084635452,0.3320768264225453
2025,25,2025-06-15,2025-06-21,12847,5571,1634,213421037,6.0195565444656705,0.2933046131753725
2025,26,2025-06-22,2025-06-28,11026,5571,1541,213421037,5.166313571984003,0.2766110213606175
2025,27,2025-06-29,2025-07-05,9531,5571,1463,213421037,4.465820302428762,0.2626099443546939
2025,28,2025-07-06,2025-07-12,8085,5571,1313,213421037,3.7882863440495793,0.23568479626637948
2025,29,2025-07-13,2025-07-19,7216,5571,1267,213421037,3.3811099887027534,0.2274277508526297
2025,30,2025-07-20,2025-07-26,6866,5571,1186,213421037,3.2171149088737674,0.21288817088493986
2025,31,2025-07-27,2025-08-02,6316,5571,1126,213421037,2.9594083548567895,0.20211811164961407
2025,32,2025-08-03,2025-08-09,6084,5571,1097,213421037,2.8507030447987187,0.1969125830192066
2025,33,2025-08-10,2025-08-16,6167,5571,1056,213421037,2.8895933065867356,0.18955304254173397
2025,34,2025-08-17,2025-08-23,6463,5571,1125,213421037,3.028286288384964,0.20193861066235863
2025,35,2025-08-24,2025-08-30,6058,5571,1062,213421037,2.8385205531542796,0.19063004846526657
2025,36,2025-08-31,2025-09-06,6337,5571,1078,213421037,2.9692480596465285,0.19350206426135344
2025,37,2025-09-07,2025-09-13,6576,5571,1117,213421037,3.0812332713011794,0.2005026027643152
2025,38,2025-09-14,2025-09-20,6990,5571,1128,213421037,3.2752160228703224,0.20247711362412493
2025,39,2025-09-21,2025-09-27,6710,5571,1112,213421037,3.1440199590071343,0.19960509782803806
2025,40,2025-09-28,2025-10-04,7233,5571,1136,213421037,3.3890754640087333,0.20391312152216837
2025,41,2025-10-05,2025-10-11,6924,5571,1191,213421037,3.2442912363882854,0.21378567582121702
2025,42,2025-10-12,2025-10-18,6842,5571,1158,213421037,3.205869531971209,0.20786214324178784
2025,43,2025-10-19,2025-10-25,6514,5571,1162,213421037,3.052182714302902,0.20858014719080956
2025,44,2025-10-26,2025-11-01,6508,5571,1180,213421037,3.049371370077262,0.21181116496140728
2025,45,2025-11-02,2025-11-08,6495,5571,1228,213421037,3.0432801242550425,0.22042721234966792
2025,46,2025-11-09,2025-11-15,6891,5571,1171,213421037,3.2288288431472667,0.2101956560761084
2025,47,2025-11-16,2025-11-22,6387,5571,1162,213421037,2.9926759281935267,0.20858014719080956
2025,48,2025-11-23,2025-11-29,6867,5571,1239,213421037,3.2175834662447076,0.22240172320947765
2025,49,2025-11-30,2025-12-06,7410,5571,1276,213421037,3.472010118665106,0.22904325973792855
2025,50,2025-12-07,2025-12-13,7019,5571,1236,213421037,3.2888041866275812,0.22186322024771135
2025,51,2025-12-14,2025-12-20,6571,5571,1140,213421037,3.0788904844464793,0.20463112547119008
2025,52,2025-12-21,2025-12-27,5727,5571,1038,213421037,2.6834280633731526,0.18632202477113624
2025,53,2025-12-28,2026-01-03,6080,5571,1133,213421037,2.848828815314959,0.2033746185604021
