regiao,semana_epidemiologica,anos_disponiveis,casos_media,casos_mediana,incidencia_media_100mil,incidencia_mediana_100mil,incidencia_q25_100mil,incidencia_q75_100mil,incidencia_minima_100mil,incidencia_maxima_100mil
Norte,1,10,1123.5,1067.0,6.187379186579688,5.864530309734473,4.965094087171905,7.881674699158433,1.4409655393091274,11.161123289559296
Norte,2,10,1224.0,1332.0,6.7418453232066415,7.310746851636349,5.842234776429748,7.858127826997618,1.6004617249578477,11.207219823537859
Norte,3,10,1367.0,1446.0,7.520866369700454,8.013894752776979,6.573695332111489,9.241322134219052,1.9634530440204523,10.723206216762959
Norte,4,10,1347.1,1473.5,7.420035485955336,8.131154460541877,6.800926203568429,8.44218217585514,1.7544580421359224,9.973015820218714
Norte,5,10,1451.5,1585.5,7.993799727912378,8.610656837442061,7.338315437239309,9.731430813464094,1.8094567268423776,11.051644021360211
Norte,6,10,1469.4,1526.0,8.084514863078434,8.466512109116746,6.531103110032708,10.184210316251932,1.8589555430781874,11.164582263064778
Norte,7,10,1527.9,1457.5,8.39756292720158,7.82875325128332,6.399248636015976,9.957827846088584,2.1559484404930456,14.044671769469955
Norte,8,10,1410.8,1337.5,7.739893154193676,7.415024279776284,5.072014546651847,8.833302029031355,1.9579531755498067,16.05841019060926
Norte,9,10,1449.6,1429.5,7.96469357084936,7.909733401050536,5.2163738230823125,9.393080805425903,2.3649434423775753,16.968993823832598
Norte,10,10,1379.5,1397.0,7.5798055277690795,7.409979858364582,5.123746682376298,8.692077688332576,2.5079400226143593,16.25659604019316
Norte,11,10,1296.8,1212.5,7.11970330824275,6.721543641035121,5.393563043102438,7.838011988232613,2.639936865909852,14.3068757902326
Norte,12,10,1179.1,1179.0,6.485080425427391,6.596503208009242,4.777813623193437,7.511380811430082,2.370443310848221,12.705319870622134
Norte,13,10,1074.7,1058.0,5.9233444200166945,5.920823965354979,3.8767679324689093,7.936756916504262,2.084450150374654,10.284238681110665
Norte,14,10,1080.8,962.0,5.9506161100421044,5.369684073278313,3.842037983487863,7.756111625868897,2.308196007720621,11.826874483277265
Norte,15,10,1014.8,957.5,5.602386793253501,5.143710631441914,3.600087601729483,7.712086195327025,2.4313712007080324,9.92000522782133
Norte,16,10,939.9,879.5,5.185304683773655,4.876797430750797,3.0200467219854445,6.238431743385714,2.2934451522591837,9.973568970952114
Norte,17,10,831.5,775.5,4.585704500666116,4.329036971948712,2.513555059176358,5.931140983911772,1.8809550169607692,8.52785878603395
Norte,18,10,819.8,804.5,4.528753428806466,4.438766153064359,2.9586567932058516,5.229504607605487,2.276945546847247,9.132875794502572
Norte,19,10,762.7,655.5,4.207375732718335,3.598786304833746,2.8483273081062017,5.030475907617755,2.1449487035517545,8.487524318802706
Norte,20,10,687.1,627.5,3.786523660819801,3.57803184984378,2.7139321949572563,4.434596275780592,1.8259563322543142,7.242917901381536
Norte,21,10,582.3,489.5,3.2059174759230373,2.769292046459741,2.5851423522908212,3.801675290886836,1.4959642240155826,6.113552818906769
Norte,22,10,513.1,474.0,2.8276725755626693,2.588488971015325,2.162841036557115,3.263763704415618,1.1934714581300787,5.877308082266641
Norte,23,10,465.1,413.5,2.5585387593079303,2.3567773052839134,1.7264561378493226,3.177036935407499,1.1934714581300787,4.719132666055273
Norte,24,10,413.2,376.0,2.273168427526582,2.1436280289958116,1.5792516548780406,2.454090783583842,1.1494725103649146,4.079543257102727
Norte,25,10,374.9,349.0,2.0627905026536535,1.927711581940937,1.4326716658267284,2.4129513475131747,0.8689792183619929,3.624339984064428
Norte,26,10,333.3,312.0,1.8345204775742645,1.7481948167183514,1.1909621081525668,2.058484864082761,0.692983427301336,3.3708090471823375
Norte,27,10,329.0,296.5,1.8071284532275953,1.6911130950040785,1.07809910597242,1.9346996900426516,0.7589818489490824,3.8298076338511073
Norte,28,10,304.5,282.0,1.6744631256437514,1.543449788377591,0.90949774612825,2.089843335928906,0.8530234468268949,3.379872191552516
Norte,29,10,279.9,260.5,1.5376963263257486,1.4638094405163287,0.8809274330260495,1.779248151587692,0.7541649982800698,3.235250085099397
Norte,30,10,263.8,220.5,1.448715961911875,1.2045620441243332,0.967551470942918,1.9336034827581754,0.8084806651848921,2.8067401400531193
Norte,31,10,277.7,228.0,1.5232185323586207,1.2861424492204372,0.9729771184125589,1.8809697209899083,0.7711838169646622,3.3209520741086522
Norte,32,10,254.7,203.0,1.3968719891513337,1.0922299821513042,0.9555255666314599,1.683964006904339,0.6319422944571538,2.983500492384709
Norte,33,10,248.9,226.5,1.368080510753156,1.2368336521816317,0.9236898449359527,1.7848001749824431,0.6727802862354578,2.5389214243991955
Norte,34,10,233.0,184.0,1.2792750397298902,1.0161784106943155,0.8421081118620494,1.6652372899755479,0.6372977376305196,2.6621180336000005
Norte,35,10,224.5,178.5,1.2322746967499174,0.9615940280039661,0.8437027188607462,1.6421890229862672,0.6747858398440795,2.410368440885312
Norte,36,10,209.4,177.0,1.1476499398566837,0.962847301354173,0.7552967665537995,1.3382400020651248,0.6051650785903253,2.0743266336838095
Norte,37,10,247.1,202.0,1.3591400154761262,1.0907355313363545,1.004110513932327,1.8654691094449263,0.46056811290945104,2.3139537032499
Norte,38,10,244.4,224.5,1.3447913059917536,1.227446813561456,0.947239745978794,1.9019125505317012,0.5034116582963768,2.2175389656144873
Norte,39,10,240.7,209.0,1.326865614748956,1.1418648577619293,0.919642477594188,1.666555824518405,0.701563055710908,2.587167969546786
Norte,40,10,250.6,248.5,1.3805301969864083,1.3989677029864023,0.900244142474417,1.7293037547926027,0.6747858398440795,2.4661645678530606
Norte,41,10,271.8,269.5,1.4970012136981374,1.5123673546565606,1.0919308675471966,1.7835741069413973,0.664074953497348,2.6793610375039094
Norte,42,10,300.7,320.5,1.653668135505249,1.72728293461164,1.0663929090994928,2.1779462473444218,0.7711838169646622,2.523785235326263
Norte,43,10,309.8,314.5,1.7008356340701627,1.6682542949400407,1.07782554447603,2.2167799611142405,0.6969145807409273,2.962403518423871
Norte,44,10,342.4,342.0,1.8796501812353714,1.8133020183155257,1.1639362924109091,2.562566425953284,0.7526677472002015,3.184855064679143
Norte,45,10,406.4,372.5,2.230628101354209,2.0698968395222153,1.154163918959998,2.8027504054496184,0.9533791464535885,4.660631176421438
Norte,46,10,486.9,430.5,2.6685905110260415,2.3929401689251404,1.4686493127394735,3.3782344830211417,0.947803829807661,5.371390994944382
Norte,47,10,575.7,557.0,3.1587770219573934,3.094660219366952,1.5521573463806815,4.308934640347054,1.1373645957691931,6.168961172981578
Norte,48,10,656.1,523.0,3.590396249264839,2.915991878413339,1.9600120289588536,4.47884691215407,1.2209943454581045,8.467780281147231
Norte,49,10,726.0,584.0,3.9626505055131305,3.2866496957092792,2.143796242560389,4.356136345511329,1.2377202953958868,10.255481552245147
Norte,50,10,804.6,641.5,4.398476758782236,3.4733990575657243,2.356546105675646,5.2261945398194545,1.2544462453336689,11.678237889302364
Norte,51,10,736.7,669.5,4.03734725813626,3.6030047020198115,2.3805107166610395,5.265084562487724,1.0648854793721367,8.896193899368921
Norte,52,10,507.8,511.0,2.7863836601713707,2.8401171611613045,1.7754055553840113,3.443646106216131,1.1429399124151207,4.698610708708924
Norte,53,2,358.5,358.5,1.911678567692674,1.911678567692674,1.6707909474906593,2.1525661878946885,1.4299033272886446,2.3934538080967034
Nordeste,1,10,1645.7,955.0,2.902463792767719,1.6921049715333512,1.5081826775845846,2.0788652782489074,0.923172655485002,14.047032451508835
Nordeste,2,10,1899.1,1205.0,3.3479475378982415,2.102616047039663,1.805039616223305,2.43241447865014,1.0253558883440292,16.07809805675514
Nordeste,3,10,2146.9,1424.5,3.783259613497991,2.485531668415721,2.0584166396012895,2.8420276567090967,1.1222537815724167,17.57328562601518
Nordeste,4,10,2545.5,1626.0,4.484795091410975,2.840214379658108,2.1575311385226996,3.3887417009054905,1.0094998694521111,21.545811000982223
Nordeste,5,10,3091.9,1807.5,5.447914129342779,3.1617792640349034,2.9031292154835957,3.9966344716440783,1.2068192156626458,24.458879144146906
Nordeste,6,10,3855.4,2041.5,6.790226257610675,3.565978390987482,3.4506762381555047,4.519569394268886,1.268481511353438,31.50787153882526
Nordeste,7,10,4818.1,2505.5,8.478818091195496,4.477418663115706,3.898768327566213,5.177054196552503,1.5486045117773224,38.832709348749006
Nordeste,8,10,5428.2,2594.0,9.55058067698302,4.623140263341944,4.445970900274874,5.253162838962731,1.6877851220508246,37.040592638237555
Nordeste,9,10,6117.2,2771.5,10.76756058645291,4.963929162840328,3.6689738622881856,6.80568944124039,2.168751028439003,37.708243961761426
Nordeste,10,10,6462.0,3138.0,11.377214489518753,5.620037333341714,4.1984956465640835,8.075298289149691,2.334358336865702,37.54195958768524
Nordeste,11,10,6569.5,3304.5,11.57120956636909,5.921987826802418,4.908120276726132,9.140097532212158,2.773041526208766,41.38702946570198
Nordeste,12,10,6544.6,3530.5,11.53903164929172,6.218660309334154,5.422991802631732,10.236216136118815,2.7166645701486134,43.41637190132192
Nordeste,13,10,6376.4,3670.5,11.25242283692182,6.560145344076236,5.1168745742600725,12.016458773125189,2.751900167686209,38.09350649641715
Nordeste,14,10,7148.6,4128.5,12.60817485881141,7.203500352097166,5.8203769196669,13.758681777565082,4.214177465496422,44.66479395188018
Nordeste,15,10,7139.4,4941.0,12.598378309723188,8.620308191665524,5.844366873296362,14.45138540190832,4.790279485236108,40.90902214480099
Nordeste,16,10,7307.5,5359.5,12.910395684601264,9.378516463464463,5.8928629720953944,16.68701517618065,4.7393211765290575,36.873099526937345
Nordeste,17,10,7024.6,5634.0,12.415283704558606,9.82715465833535,6.1375603283043425,15.499291093031433,5.306480989161883,29.245993703330377
Nordeste,18,10,6975.2,5696.0,12.337376922660095,9.90862823987369,5.868419670477351,16.10464387433418,5.305314564363711,25.8596707779732
Nordeste,19,10,6897.1,6038.0,12.199848609817554,10.551219524948788,5.885540326977968,16.353817785476927,5.116208762458866,24.145376352537646
Nordeste,20,10,6724.1,6155.5,11.899089079730519,10.754789329877664,5.613200545143391,17.55597032637743,4.8026119443742665,24.91198336107847
Nordeste,21,10,6000.8,5351.5,10.616031435447253,9.344550713483164,5.083594597013469,14.60387198401164,4.011935622004333,21.6369796730401
Nordeste,22,10,5697.4,5393.0,10.088895825510589,9.408049887277633,4.432021668487765,11.303087787172554,3.8652213894190637,22.94332192625764
Nordeste,23,10,5260.6,5062.5,9.310336521129052,8.877679337450562,4.532801722953854,10.538508343362055,3.608471482394842,20.42394758076667
Nordeste,24,10,4688.3,4470.5,8.301813087753061,7.839639843305699,4.314820631212594,9.047916207949177,3.103704658381236,18.16437799712008
Nordeste,25,10,4076.5,3544.0,7.222149586082635,6.215116510495447,3.5894526950376675,8.648916800040505,2.5482864921655732,16.85803574390254
Nordeste,26,10,3697.1,3174.5,6.54464479333908,5.567120367179879,3.367601213897384,8.38582368192657,2.228659056890522,14.179485241506914
Nordeste,27,10,3630.1,3091.0,6.42004822874451,5.420144234031793,3.762744670371461,8.262670602544372,2.0784516282913175,12.7066483873891
Nordeste,28,10,3359.6,2801.0,5.943083155413082,5.0009162967474925,3.482264448891308,7.499449289181749,1.9037918275945684,11.934120570607607
Nordeste,29,10,3018.2,2554.0,5.338981425436207,4.558403257582572,3.359268484193413,6.433608584462512,1.6033769703961591,10.637504916188341
Nordeste,30,10,2630.9,2207.0,4.652883982736199,3.860380061363765,3.14133635194508,5.594862108835499,1.4514229437899875,9.309349962066984
Nordeste,31,10,2518.3,2121.0,4.457468014123351,3.709554012165157,2.9688232479694747,5.347570603123876,1.577178000291647,9.137077328527164
Nordeste,32,10,2299.1,1992.5,4.066908493228809,3.4810488910377932,2.6541226881070035,4.641965818658947,1.5457392361662319,8.068804173784766
Nordeste,33,10,2094.8,1789.5,3.7044240843304728,3.1263715671612786,2.503453109517479,4.461275721504039,1.3955318075670275,6.998262070808251
Nordeste,34,10,1824.0,1499.0,3.2241994856926914,2.6187747751608423,2.2344712248683014,3.7232531517939496,1.3326542793161977,6.36568198987189
Nordeste,35,10,1596.1,1316.5,2.820704659272674,2.3210258694307013,1.8056872269891397,3.3612035703248715,1.1475148905776436,5.880327211123056
Nordeste,36,10,1476.7,1235.5,2.607274280089105,2.158565435017329,1.6259162337969677,3.4270988723975484,1.0130268440411465,5.545660197617543
Nordeste,37,10,1358.9,1118.5,2.398910618466733,1.9914879600790183,1.5391874314328162,3.0697492687069725,1.0636781862432039,5.028766119166619
Nordeste,38,10,1295.3,1092.0,2.2857054725118235,1.907917190458154,1.532770450925319,3.0466355656900896,0.9466561197763816,4.617003039722662
Nordeste,39,10,1146.2,974.0,2.0222572329378243,1.7173778012447785,1.3074348627384216,2.7636521664144182,0.8331272493234945,3.816255263952925
Nordeste,40,10,1080.0,889.5,1.9077122100512671,1.5942802396474431,1.3210437610074002,2.537732174586559,0.8505932293931695,3.6865936985109986
Nordeste,41,10,1014.8,877.0,1.7912260089899408,1.5687747097058502,1.2151999214665057,2.2578733484759197,0.8156612692538197,3.402740001192185
Nordeste,42,10,982.0,901.5,1.733705978488197,1.6140328555522578,1.2060455217141215,2.137552539724077,0.8994979735882594,3.068072987686672
Nordeste,43,10,881.6,821.0,1.5549675846074702,1.4571189860197604,1.2619214302341784,1.8241772846285045,0.74579734897512,2.785971473684642
Nordeste,44,10,881.9,834.5,1.5564878033899496,1.4916455897044352,1.1159640401721354,1.9372049270950724,0.845353435372267,2.5687007424035757
Nordeste,45,10,892.0,881.5,1.5758715685088116,1.5777946435159311,1.1968558211528633,1.8279714445236341,0.9256969436927717,2.389978044091731
Nordeste,46,10,868.3,881.0,1.53354546659213,1.5453714042733462,1.1230471018699069,1.8738370086490344,0.8278874553025921,2.337412544588247
Nordeste,47,10,845.6,924.0,1.4932715511040795,1.6355509810943598,1.1935069229425543,1.6830149065197801,0.74579734897512,2.1744594961274473
Nordeste,48,10,842.6,873.5,1.486794188002272,1.5611076212371735,1.1391066141278978,1.7659501156943156,0.7737429170865997,2.0496692073200866
Nordeste,49,10,867.7,921.0,1.5312645140414696,1.651151730569965,1.1237089126335824,1.7508158134058434,0.845353435372267,2.302843238004294
Nordeste,50,10,853.2,797.0,1.503938767282021,1.440818661636993,1.1640452179026832,1.706735857634717,0.9239503456858041,2.6669976657007557
Nordeste,51,10,732.8,733.0,1.292053575345863,1.3131408369783455,0.9965014468400428,1.4655299875453824,0.7335711629263474,2.0409988638035044
Nordeste,52,10,518.7,479.5,0.9145055262114106,0.8404467326883801,0.737685395013345,1.023412445730376,0.5403121397174686,1.4407212770778293
Nordeste,53,2,447.5,447.5,0.7814344348703783,0.7814344348703783,0.5231808387852783,1.0396880309554786,0.2649272427001782,1.2979416270405786
Centro-Oeste,1,10,4323.7,2878.5,26.297951244671815,17.046560372483317,11.507856387523304,33.533793284990644,7.493714138507779,73.37334326405939
Centro-Oeste,2,10,4889.6,3681.5,29.723350764354215,22.43795214777142,13.97195825402278,34.527368057298084,8.53517281270934,77.84861344238779
Centro-Oeste,3,10,6031.6,4353.0,36.57304967403717,25.886173951670777,15.953374956059065,40.85657511864973,9.426996619927916,112.25078851741738
Centro-Oeste,4,10,7416.3,4702.0,44.77882428362973,27.895124505844706,18.37948569500279,46.9806637381129,10.947286868475022,165.57328123119134
Centro-Oeste,5,10,8893.3,5400.5,53.67564295071058,32.12061397164341,22.31772135581875,55.40827599123073,13.39531329231662,208.04148645747512
Centro-Oeste,6,10,9398.3,5816.0,56.725473559270355,34.6422587711555,21.157014286425326,60.770048744088854,13.996050745321197,216.08408587481136
Centro-Oeste,7,10,9879.9,6087.5,59.66240347519329,36.279824039663524,22.10451381953617,59.290839014329016,14.474763552091858,227.69401453115537
Centro-Oeste,8,10,10113.6,6356.0,60.95055543748094,37.96775174211126,24.57309869430241,56.32062835117778,12.415038712433878,251.98582792058974
Centro-Oeste,9,10,10462.4,6574.5,63.13229565577674,40.35038903058995,26.147658384816353,71.92248895410233,14.071636977969195,247.03608538042286
Centro-Oeste,10,10,10495.1,7301.5,63.39464164460706,44.812324510303036,28.2498740754994,72.00074485604657,16.286258922427848,228.11576774167852
Centro-Oeste,11,10,10633.9,8133.5,64.22225100537337,49.91733671080276,27.985458882271438,65.85536726158888,17.249907465798255,224.92333024535785
Centro-Oeste,12,10,10483.5,8202.0,63.36217031224969,50.0263295623577,27.60109209766769,63.01487995472426,17.202024308363704,210.3728444823111
Centro-Oeste,13,10,9575.5,7771.5,58.03825838021838,47.419796159417366,26.663529261189073,64.63563180296842,16.36441936829184,158.36247286794233
Centro-Oeste,14,10,9994.9,7454.0,60.47105697056365,45.45271857815908,29.336997088557276,63.04644146620324,18.726489138541815,182.09780632682535
Centro-Oeste,15,10,10065.7,8127.0,60.905423726127005,50.53747419174452,28.986124022363967,66.34453765458404,17.863546315810492,179.37984119234318
Centro-Oeste,16,10,9519.1,6773.5,57.56922200669722,42.30787313507042,27.78805206659849,61.03947368695447,19.066627185457815,167.131425036735
Centro-Oeste,17,10,8923.2,6146.5,53.95377750390812,36.7556803127105,24.712251713995546,63.01033698492696,19.450857201418476,146.10234134537515
Centro-Oeste,18,10,8772.8,6381.5,53.071880493238176,38.228579326973644,25.73797196092829,64.01142180353715,22.083777638657118,137.63798871751584
Centro-Oeste,19,10,8115.0,6352.0,49.06678232476786,37.917333103341306,23.652331932863,63.92145270419807,21.535777451959124,123.39796017888193
Centro-Oeste,20,10,7057.8,5670.5,42.680315437741655,34.46833461814668,20.929201579772787,59.75217251773932,16.659229928533247,101.49608164907848
Centro-Oeste,21,10,5754.0,4560.5,34.777192635881946,27.797746531265474,18.14744296237504,45.25171455066611,12.246992335349468,80.24440598549813
Centro-Oeste,22,10,4857.2,3890.0,29.435870660819536,23.41739332913393,19.032536832186853,40.288543937999265,10.733677849698882,61.58774268313441
Centro-Oeste,23,10,4122.0,3306.5,24.972371686708637,20.153994649545687,15.408152585184265,33.321133497834666,9.40553686651187,52.1013772165482
Centro-Oeste,24,10,3435.2,2960.0,20.80389314725226,17.61981627871023,12.38974172342478,26.287296295141765,7.0429783868042035,43.369748459140574
Centro-Oeste,25,10,2794.4,2347.0,16.93503749444483,13.977516818221282,11.115310439463684,24.151880504669442,5.951093251587959,29.680174490218302
Centro-Oeste,26,10,2204.0,2019.5,13.35908778540269,12.035140574770438,9.04448508961284,19.4310803007985,4.341999368111386,23.421382267761686
Centro-Oeste,27,10,1840.4,1790.0,11.138908106757226,10.672404359606059,6.140805060999072,15.702574514928891,3.95888177680744,19.38893231710335
Centro-Oeste,28,10,1493.2,1571.0,9.047799888217366,9.387141533725131,5.317173665406772,12.17885681147735,3.4672142013007097,14.211575552357594
Centro-Oeste,29,10,1246.4,1370.0,7.551719924135968,8.179588445324946,4.4969644731245975,10.093718145162537,2.905308400721589,11.940179027790721
Centro-Oeste,30,10,1089.1,1216.0,6.593592887900802,7.257183626909631,3.7225783100552863,7.993672657594465,2.7201348982580154,11.007064779860546
Centro-Oeste,31,10,1059.1,1111.0,6.415481549144632,6.586876792470834,3.982829697336505,7.9813151727285945,2.8286848824608,10.737133817900435
Centro-Oeste,32,10,914.1,897.0,5.545011740293232,5.401723140558905,3.3356976629333364,7.080587039062998,2.873381934779594,9.97572797951667
Centro-Oeste,33,10,935.9,911.0,5.675518436322859,5.553056013634626,3.505369834488194,7.644802211760734,3.2373436465183425,9.122419555422628
Centro-Oeste,34,10,856.7,781.5,5.192721176880743,4.767063869234484,3.4710400382558095,7.062652547554694,2.75844665738841,8.717251526716105
Centro-Oeste,35,10,831.8,683.0,5.049791004271171,4.1665516605564195,3.2112628048956937,6.209441210971492,2.835070175649199,10.012561436671808
Centro-Oeste,36,10,829.1,744.5,5.029976089975073,4.542918431884512,2.9764249502323,6.273421155432503,2.37466747569131,10.018700346197665
Centro-Oeste,37,10,869.7,748.5,5.281473509584687,4.565690683186165,3.225078553163534,6.291207287345974,2.930849573475186,9.951172341413244
Centro-Oeste,38,10,874.5,723.0,5.312657725793129,4.3917037213179295,3.4946063780103405,6.391328314424697,3.02344930591997,9.895922155680536
Centro-Oeste,39,10,856.1,792.0,5.202545144535927,4.683920380095282,3.3736945226308936,6.177090578371417,2.884874546065305,10.1967287224475
Centro-Oeste,40,10,912.8,809.5,5.5472913089925395,4.871015629941205,3.606861794101509,7.008690360029172,3.269270112460338,10.02483925572352
Centro-Oeste,41,10,855.6,741.5,5.1988338020559395,4.499344662281617,3.6660581431037937,6.303663270783644,3.126457385083151,9.877505427102966
Centro-Oeste,42,10,951.5,848.0,5.793760587506935,5.050041594621484,4.686956801154508,6.479573412151761,2.829565114019053,10.52209092731789
Centro-Oeste,43,10,914.9,890.0,5.562800362478626,5.39555890238406,4.284701431326805,6.382911790312878,2.6417353098764607,9.46005957934473
Centro-Oeste,44,10,978.4,1049.0,5.941940908609761,6.357407294969053,4.363168293028192,7.289758911395053,2.5508499207752062,9.859088698525397
Centro-Oeste,45,10,1207.7,1149.0,7.341340855990779,6.855924105436541,4.721437632087684,8.564499458199474,4.1140786133167815,14.033547176107758
Centro-Oeste,46,10,1327.1,1200.5,8.062072631158012,7.144612214101352,5.316643444892547,10.50061753811069,3.5384711490088376,15.500746552787438
Centro-Oeste,47,10,1595.8,1393.0,9.69077680888616,8.60857044527841,5.9346221587263095,14.290800531567955,4.06276000482996,15.795414210028548
Centro-Oeste,48,10,1771.0,1566.0,10.7522808661858,9.44171045050097,6.64135429107395,15.618070506361601,3.974576066740628,20.416181251158175
Centro-Oeste,49,10,2140.7,1895.5,12.98658272939196,11.717281984394013,7.208973723538418,16.99762041133811,4.522576253438622,27.592669471662028
Centro-Oeste,50,10,2385.8,2124.0,14.488664663001122,13.086107709925798,7.6646346762048365,16.803834984409903,4.409196904466624,31.339526540915916
Centro-Oeste,51,10,2202.9,1781.5,13.368658998982236,10.712168816761004,6.965451043349418,13.837457454322612,4.053488353915945,31.41280004380726
Centro-Oeste,52,10,1588.6,1472.0,9.676233693558109,8.77736120402712,6.697225653722793,11.596943293862275,3.180988618543904,19.20250899687886
Centro-Oeste,53,2,1055.5,1055.5,6.1605015514406825,6.1605015514406825,3.9648685629725504,8.356134539908814,1.7692355745044188,10.551767528376946
Sudeste,1,10,9919.4,5247.0,11.302956391503335,5.91561080848815,2.1315205067040943,21.149264414809792,0.9599604596619028,33.21007239491102
Sudeste,2,10,12177.7,7202.0,13.864517758697954,8.291269865171955,2.473259560766777,25.034609659558075,1.170878137853651,41.79300853611705
Sudeste,3,10,15765.1,9822.5,17.936989269990438,11.111381703909952,2.7857306580280694,29.04501243094729,1.4684430784376852,62.74254961703866
Sudeste,4,10,20304.8,12813.5,23.080615455526793,14.79854092156194,3.309951213131309,33.3542670144072,1.4479213583974069,91.13868491250388
Sudeste,5,10,25106.2,15596.5,28.541509056169424,17.587334220504225,4.479266242752873,38.96448326322567,1.580172443101422,121.33581495966047
Sudeste,6,10,30167.5,19272.5,34.306678839513616,21.73032087051326,5.343504048332308,44.54843693544839,1.433100116146095,152.86112221404815
Sudeste,7,10,36093.2,21074.0,41.04190974481851,23.764692394189748,6.555746353731824,49.90080927398422,1.6702399921670874,190.21709355489543
Sudeste,8,10,41440.5,20281.0,47.10516737614949,22.880801436266214,7.438633626041039,55.878923152509074,1.7386457256346817,236.69765359384834
Sudeste,9,10,44921.2,20711.0,51.085934018197634,23.364015482228698,10.155818248239722,58.8533034338512,2.0795342974148583,261.4252212591452
Sudeste,10,10,48085.9,22677.0,54.70230756213397,25.582903853431063,11.460339640121987,62.70646168585687,2.5173309916074604,275.09404922107376
Sudeste,11,10,51636.3,25980.5,58.75241309352394,29.830268624189774,13.186888260576417,63.22907723423649,2.480744214983847,292.65939026419926
Sudeste,12,10,55442.5,32432.0,63.09245363073444,37.25530864749011,11.799134426049939,63.75514776177809,2.350784040531749,324.98927725414836
Sudeste,13,10,52207.9,37549.5,59.488443615013864,43.13555648467403,14.004148248822457,67.77484310932375,2.102364592021545,272.3993277504979
Sudeste,14,10,55115.1,42075.0,62.774954581839175,49.04631358146787,14.052532647186482,65.38465717013179,1.9632036972542546,296.91249127868855
Sudeste,15,10,55499.4,40490.0,63.23814321613897,47.245162084781754,13.478074341235631,67.37692772718012,1.72743523917744,301.226528205829
Sudeste,16,10,50224.6,36600.0,57.22830827516566,42.74957782387973,13.75860591271325,60.117308636092794,1.9793049578058417,266.88349921273624
Sudeste,17,10,47306.3,34886.0,53.89425818714003,40.787711252002836,11.81433888099145,53.80998435133826,1.6676305571286871,237.85317904856765
Sudeste,18,10,45637.7,31233.0,52.0073289367959,35.52391632394534,10.209906056342444,52.623397613815065,1.7561874901624175,237.00459004275817
Sudeste,19,10,43592.4,24000.0,49.62020762597549,28.13507282260389,8.618367859838889,47.659555202741664,1.4801658807066347,238.39257471981358
Sudeste,20,10,37386.2,16261.0,42.51286867170511,19.05848675849814,6.8279965045453554,39.34098420541281,1.3237536353483579,212.9371614311828
Sudeste,21,10,28144.5,10264.5,31.972704195158826,12.033652316459278,5.271484742224838,28.06721503403113,1.1362889589263052,160.63045107707782
Sudeste,22,10,19746.8,8481.5,22.457271545552505,9.949546441761981,4.17240569907448,21.493321098675327,1.2489977827874166,100.26778738191706
Sudeste,23,10,14175.2,6755.5,16.129853331175408,7.851888076450738,3.396973743244603,16.401070845086736,0.9810268036074277,67.03063235916105
Sudeste,24,10,11339.0,4794.0,12.900631142636712,5.573642652438033,2.395212753858998,13.716874476024405,0.7349075351760215,58.958880818529096
Sudeste,25,10,8771.7,4067.5,9.981486836408823,4.723320288190535,1.6451302428353398,10.418214407643555,0.7820612267913843,47.083148508503825
Sudeste,26,10,6626.3,3231.5,7.5405320447800435,3.7553400668281496,1.3380772091737383,7.724022569880415,0.6705024929696721,32.83430093356188
Sudeste,27,10,4790.5,2636.5,5.455587858202202,3.0639376563510208,1.1378490140935742,6.02289950519643,0.4853379966264179,22.03058930906721
Sudeste,28,10,3552.2,2305.5,4.050502718339688,2.678018393110101,0.997769758142792,5.048598165435893,0.4542855655626423,15.228335948668851
Sudeste,29,10,2793.6,1937.0,3.186336892683999,2.2492242615246356,0.8196201317224079,4.112334356081834,0.4301336747352613,12.014530777730808
Sudeste,30,10,2393.1,1728.5,2.7310389350215845,2.008743932719415,0.7030648326109503,3.671767498712562,0.3783796229623021,9.903214248648968
Sudeste,31,10,2104.0,1521.0,2.402982607785078,1.7673429160286351,0.6763907230514649,3.0991027712859847,0.4036816038290822,8.471220301345467
Sudeste,32,10,1793.4,1254.0,2.048298038109171,1.457577874799739,0.6271395700196406,2.579029718001763,0.3795297130017012,6.93879494245015
Sudeste,33,10,1627.2,1107.0,1.8584241777630979,1.2832334676748836,0.6158815490130812,2.4022357348923298,0.38988052335629303,6.072150851410677
Sudeste,34,10,1558.8,1005.5,1.7799945724087192,1.1653172868746742,0.6094023070835929,2.563429426950709,0.3795297130017012,5.747159317270875
Sudeste,35,10,1388.9,868.0,1.5857405841107193,1.006526929545021,0.4972113866381701,2.396157957891372,0.40138142375028396,4.892928097327021
Sudeste,36,10,1437.2,883.5,1.6389649958238917,1.0245203556892755,0.535746980839757,2.1793965770832036,0.37377926280470575,5.391699826805466
Sudeste,37,10,1572.4,938.5,1.795209880852196,1.0885194798065092,0.6234575331999896,2.7275944102903518,0.45261793644391385,5.312708828924264
Sudeste,38,10,1552.5,869.5,1.7731258872545284,1.0078529873231044,0.5479015707682181,2.8846654404415255,0.49214335401740444,5.070093621146287
Sudeste,39,10,1498.7,841.0,1.7117984553077883,0.9490948138802451,0.5536869665415215,2.7593079702758057,0.47245761985670826,5.074607392453785
Sudeste,40,10,1598.5,889.0,1.827104065542962,1.0035169121973246,0.6004294927107121,3.1070208499132956,0.45508785442079985,4.999001723053206
Sudeste,41,10,1544.0,902.5,1.7649640537211948,1.0189399772440872,0.595416799470509,2.919609501227326,0.557830811075289,4.5995329623396985
Sudeste,42,10,1665.5,935.0,1.9061796307132226,1.0667716128501437,0.6457489781165818,3.187876386762375,0.5455585332316326,5.030598122205687
Sudeste,43,10,1687.8,908.5,1.9314043789700435,1.0305698209741578,0.6520762605834648,3.16710195448834,0.5738949296601482,5.269828001503041
Sudeste,44,10,1762.8,1024.5,2.0177463912060913,1.162204064153872,0.6870636563214109,3.1611971306354287,0.4886968354015133,5.594819535642843
Sudeste,45,10,2052.3,1205.0,2.3534814469592775,1.3812725766869964,0.8053584758217032,3.2512705171464487,0.6014970906057264,6.330731784857477
Sudeste,46,10,2138.4,1207.5,2.449759931354774,1.3700630546855714,0.9300818758315709,3.4434197536248567,0.6509509622998875,6.63524382202096
Sudeste,47,10,2584.5,1497.5,2.966432361597903,1.6995974680197792,1.0156051718813606,3.2399763926330585,0.6152981710785156,8.69871542957516
Sudeste,48,10,2944.7,1706.5,3.3789825342845505,1.9840108704864636,1.2955821516757053,3.4928480698685354,0.7188062746244341,9.837327774421988
Sudeste,49,10,3432.2,2000.5,3.936750186296364,2.3232125501359877,1.4445703198705404,3.7565233866184546,0.7751606865549897,11.76401647016471
Sudeste,50,10,4025.4,2658.5,4.622045707780256,3.0528738878332606,1.3447488162329861,3.6542684785840813,0.8602673494705226,14.200829741940584
Sudeste,51,10,3992.2,2656.5,4.586870769116462,3.0631885287342016,1.4405931835912027,3.310107861789488,0.7705603263973932,14.682913022522731
Sudeste,52,10,3113.2,2206.5,3.5751789185095637,2.5325770688663662,1.3131985302085,3.7550749256675484,0.6673239545482734,10.755525514210477
Sudeste,53,2,1421.0,1421.0,1.5993537932509205,1.5993537932509205,0.9945939102856041,2.2041136762162368,0.38983402732028766,2.8088735591815532
Sul,1,10,1345.4,541.5,4.39078050456958,1.793586393802003,0.3899699842642629,4.686519294497725,0.12099198912040034,20.296968269330065
Sul,2,10,1813.8,583.0,5.92545563406738,1.9308796060470472,0.42008188801330665,6.321250747100981,0.13779643205378928,26.352310821890296
Sul,3,10,2507.5,748.0,8.196308575605885,2.476635572466512,0.510670919690828,9.097410311738749,0.1613226521605338,37.013442056944584
Sul,4,10,3199.9,869.5,10.457163003402545,2.882631517883249,0.6608422804019602,9.571351982145742,0.15123998640050043,46.33429842765831
Sul,5,10,3645.4,1175.5,11.921881280836313,3.901510625905371,0.9604459054503207,10.890874043857552,0.24534486682747847,51.1522169447962
Sul,6,10,4937.6,1598.0,16.15175903931056,5.309531106349281,1.4110751527223848,12.971356402809718,0.19493153802731164,69.58179985157983
Sul,7,10,6727.8,2139.0,21.97851681272883,7.1092363812422015,2.209889085219798,14.869164617967424,0.1310746548804337,100.54954162117527
Sul,8,10,7722.8,3010.5,25.18228589394733,10.055880701079769,2.329094023452719,17.243859994827524,0.16804442933388936,128.45104305364626
Sul,9,10,9316.6,5729.5,30.40979187553196,18.929680526026857,2.8469423188091882,20.671256508431206,0.12099198912040034,148.97299751123492
Sul,10,10,11675.7,6302.5,38.114658509200524,20.64135622478871,3.146053767460314,36.32793374348722,0.12435287770707812,185.09613708035616
Sul,11,10,13462.4,7117.5,43.919235755664914,23.183803144009552,4.512657603597917,47.8693992118167,0.12771376629375591,218.5965805120628
Sul,12,10,16208.4,8039.0,52.90316840005628,26.18442110318576,5.880013522973779,64.72117018403756,0.12099198912040034,264.94052120493217
Sul,13,10,17540.0,9063.0,57.29540516745021,29.41771184803291,7.254345721506374,76.3513746244531,0.16528954613109795,268.24460408393
Sul,14,10,19317.0,10430.5,63.063342789795385,34.485730952722804,8.336991664657111,78.11502968125713,0.1349302417396718,299.0419991681296
Sul,15,10,20361.2,9684.0,66.5242833738035,32.01364835301811,8.668489914315272,87.8036451016579,0.16528954613109795,309.7288431104135
Sul,16,10,19963.1,8916.5,65.22712612670723,29.46028307653595,9.481138625644515,89.08078558797729,0.15854303404411438,306.5243969719302
Sul,17,10,17472.3,7626.5,57.07837944099261,25.189768666491602,7.768963930806791,84.42817580407238,0.13155698569618002,253.56907643266143
Sul,18,10,16729.7,6172.5,54.69329635051607,20.391268688678032,5.406743480144138,88.43198157359512,0.14505000987014718,240.36560127028488
Sul,19,10,15721.9,5489.0,51.312741012560956,18.13588893204104,4.728109274247793,66.75183673695904,0.13155698569618002,246.75842310523302
Sul,20,10,13281.4,4315.0,43.2841319546033,14.335279150918502,3.2534409943681823,50.539487953955856,0.1281837296526882,218.21731808042685
Sul,21,10,8208.8,3070.5,26.775627546096093,10.201250597659776,2.4337769564144947,36.85461561238588,0.12771376629375591,113.79158584439615
Sul,22,10,5539.4,2215.5,18.104320161669015,7.361743299835238,1.485483742056035,23.17841185625427,0.0537742173868446,71.29169488234524
Sul,23,10,3723.4,1538.5,12.17832854769257,5.1143117455287115,1.1074312311801648,14.693449031875726,0.06385688314687796,46.12538268141817
Sul,24,10,3274.6,1298.5,10.695089229619999,4.31695744166146,0.8627896879958152,10.199723896101109,0.07393954890691132,49.10805672004657
Sul,25,10,2467.3,1282.0,8.04839159684944,4.259869687097619,0.5602800509329433,7.693306936559314,0.04369155162681124,41.69315477272361
Sul,26,10,1710.9,1001.5,5.594313533661557,3.3194207199331256,0.4217150070938631,5.998014649317158,0.0640918648263441,25.677352257114475
Sul,27,10,1154.3,642.0,3.784084031611891,2.1174557761282897,0.3238925159323643,4.411896563405818,0.06049599456020017,14.93908290037152
Sul,28,10,737.7,495.0,2.424175030243753,1.64455744401756,0.3002072183558594,3.5445854979062563,0.04705244021348902,7.196343935871736
Sul,29,10,544.0,337.0,1.7859423492928195,1.1192137302161562,0.18734131922009417,2.8840833251002334,0.03710581647840974,5.560372938391293
Sul,30,10,487.1,313.5,1.5963471132335365,1.0413674027473436,0.18905108289750122,2.347522894357113,0.04033066304013345,5.830356364301621
Sul,31,10,396.3,243.0,1.2988079834985022,0.8073145100012642,0.17121806495948927,1.7256757336593738,0.04705244021348902,4.718281776623363
Sul,32,10,306.2,181.5,1.0034824464721472,0.603034673027999,0.1552716798831522,1.2323118617374291,0.030247997280100084,3.525854978852745
Sul,33,10,253.5,131.5,0.8310075209054318,0.43702326985893536,0.15454557196534938,0.9935807460698283,0.03360888586677787,2.670907463470037
Sul,34,10,241.4,119.0,0.7905441091638046,0.39561005459102566,0.1464032661775133,1.071967752868971,0.03696977445345566,2.580912988166594
Sul,35,10,202.2,121.5,0.6625430613401366,0.4037946961379782,0.1427758459000303,1.062518449344262,0.03696977445345566,1.8288163017021073
Sul,36,10,204.9,99.5,0.6695229061915087,0.3307492006874603,0.14610886225924774,1.176615814164599,0.030247997280100084,2.13094061164938
Sul,37,10,222.2,124.5,0.7273552493615505,0.41361148543302223,0.20524592085203405,1.0648261144537146,0.0268871086934223,2.282002766623016
Sul,38,10,230.4,132.0,0.7536805961574522,0.43866736901027437,0.21587275393200675,1.363254714524524,0.04705244021348902,2.024875694327465
Sul,39,10,237.2,141.0,0.7757513677778791,0.4685718902188112,0.17515268799790634,1.3534536327103561,0.03696977445345566,2.2370055289712947
Sul,40,10,242.6,132.5,0.7931906819059681,0.4422956355461535,0.17844188177605425,1.4816216814546097,0.08402221466694468,2.1791519377047956
Sul,41,10,250.3,158.5,0.819282700939629,0.5271933121820096,0.21162239113773565,1.5661728339654017,0.06721777173355574,2.0141823825780105
Sul,42,10,288.0,170.0,0.9427520375754957,0.5655500726665099,0.21129281095941443,1.8474067767815758,0.07730043749358911,2.364910658151296
Sul,43,10,289.2,183.0,0.9459347206494954,0.6085510507217562,0.16798678780558698,1.7775938769460558,0.1310746548804337,2.4009240375597085
Sul,44,10,305.7,148.0,1.0002450670268477,0.4923035778076885,0.22860621774536607,1.903604834363157,0.08402221466694468,2.6966201706995925
Sul,45,10,361.0,210.0,1.1853569833648494,0.6982594624894384,0.20870969776141143,2.025388288290502,0.07730043749358911,3.443817639200545
Sul,46,10,386.1,255.5,1.268520355796928,0.8495093425058318,0.23151891112169026,2.031177564161268,0.06385688314687796,3.6074908344680785
Sul,47,10,482.3,379.0,1.5882212784175305,1.2590749408557163,0.30240931568358126,2.541458720919952,0.07393954890691132,4.656335391896761
Sul,48,10,518.3,398.5,1.7055558881116006,1.3237876693035946,0.23328362575670542,3.005028121780409,0.11427021194704476,4.652995122605587
Sul,49,10,618.9,402.0,2.0405178145748417,1.3356617050057118,0.30046889705021734,3.2019265670228476,0.16468354074721156,6.506844579207237
Sul,50,10,766.5,482.5,2.5325678964742537,1.602750619297156,0.2675500663828938,3.4175547341996326,0.14787909781382264,9.957342756990132
Sul,51,10,765.0,406.5,2.529091995002534,1.3502563099949774,0.29967661080305596,3.128378142051543,0.08402221466694468,10.024148142813614
Sul,52,10,705.7,324.0,2.3358064047033227,1.0759657457541634,0.24247771975911642,2.35556753354383,0.09107791317427846,9.589913134960975
Sul,53,2,428.0,428.0,1.3836817815326161,1.3836817815326161,1.1605031977142848,1.6068603653509475,0.9373246138959533,1.8300389491692788
